,Aeschylus,Diodorus,Herodotus,Hesiod,HomerIl,HomerOd,Lysias,Plutarch,Polybius,Sophocles,Thucydides,Xenophon,-SUM-,,,,
Aeschylus,28,0,0,0,0,0,0,0,0,4,0,0,4,,,,
Diodorus,0,20,0,0,0,0,0,2,11,0,0,1,14,,,,
Herodotus,0,1,29,0,0,0,2,1,0,0,2,3,9,,,,
Hesiod,2,0,0,32,5,1,0,0,0,1,0,0,9,,,,
HomerIl,0,0,0,0,40,2,0,0,0,0,0,0,2,,,,
HomerOd,0,0,0,1,4,33,0,0,0,0,0,0,5,,,,
Lysias,0,0,4,0,0,0,27,0,1,0,0,2,7,,,,
Plutarch,0,2,2,0,0,0,1,25,5,0,4,1,15,,,,
Polybius,0,3,1,0,0,0,0,1,29,0,1,1,7,,,,
Sophocles,3,0,0,0,0,0,0,0,0,39,0,0,3,,,,
Thucydides,0,1,7,0,0,0,3,0,6,0,21,3,20,,,,
Xenophon,0,3,2,0,0,0,6,2,4,0,7,18,24,,,,
-SUM-,5,10,16,1,9,3,12,6,27,5,14,11,119,,,,
Aeschylus,39,0,0,0,0,0,0,0,0,7,0,0,7,,,,
Diodorus,0,20,1,0,0,0,0,3,14,0,0,0,18,,,,
Herodotus,0,1,21,0,0,0,0,0,1,0,7,2,11,,,,
Hesiod,0,0,0,33,9,3,0,0,0,0,0,0,12,,,,
HomerIl,0,0,0,0,35,3,0,0,0,0,0,0,3,,,,
HomerOd,0,0,0,0,8,30,0,0,0,0,0,0,8,,,,
Lysias,0,0,3,0,0,0,22,0,2,0,4,2,11,,,,
Plutarch,0,1,0,0,0,0,0,28,5,0,1,2,9,,,,
Polybius,0,5,1,0,0,0,1,1,31,0,1,1,10,,,,
Sophocles,8,0,0,0,0,0,0,0,0,34,0,0,8,,,,
Thucydides,0,1,3,0,0,0,3,2,4,0,19,3,16,,,,
Xenophon,0,2,4,0,0,0,4,1,3,0,2,19,16,,,,
-SUM-,8,10,12,0,17,6,8,7,29,7,15,10,129,,,,
Aeschylus,28,0,0,0,0,0,0,0,0,4,0,0,4,,,,
Diodorus,0,23,0,0,0,0,0,0,10,0,2,0,12,,,,
Herodotus,1,2,24,0,0,0,0,0,2,0,4,4,13,,,,
Hesiod,1,0,1,28,6,2,0,0,0,1,0,0,11,,,,
HomerIl,0,0,0,0,37,4,0,0,0,0,0,0,4,,,,
HomerOd,0,0,0,0,5,28,0,0,0,0,0,0,5,,,,
Lysias,0,0,5,0,0,0,24,0,4,0,5,2,16,,,,
Plutarch,0,0,4,0,0,0,2,23,9,0,3,2,20,,,,
Polybius,0,2,0,0,0,0,1,0,38,0,1,0,4,,,,
Sophocles,5,0,0,0,0,0,0,0,0,37,0,0,5,,,,
Thucydides,0,0,6,0,0,0,2,1,5,0,18,4,18,,,,
Xenophon,0,3,4,0,0,0,7,0,5,0,3,18,22,,,,
-SUM-,7,7,20,0,11,6,12,1,35,5,18,12,134,,,,
Aeschylus,34,0,0,0,0,0,0,0,0,10,0,0,10,,,,
Diodorus,0,25,0,0,0,0,0,2,20,0,0,0,22,,,,
Herodotus,0,0,21,0,0,0,2,0,3,0,5,3,13,,,,
Hesiod,1,0,0,22,5,5,0,0,0,0,0,0,11,,,,
HomerIl,0,0,0,0,29,3,0,0,0,0,0,0,3,,,,
HomerOd,0,0,0,0,4,22,0,0,0,0,0,0,4,,,,
Lysias,0,0,3,0,0,0,30,2,0,0,2,0,7,,,,
Plutarch,0,1,1,0,0,0,1,30,2,0,3,2,10,,,,
Polybius,0,1,2,0,0,0,1,1,44,0,0,1,6,,,,
Sophocles,2,0,0,0,0,0,0,0,0,46,0,0,2,,,,
Thucydides,0,0,6,0,0,0,2,3,3,0,12,4,18,,,,
Xenophon,0,4,5,0,0,0,8,0,3,0,5,14,25,,,,
-SUM-,3,6,17,0,9,8,14,8,31,10,15,10,131,,,,
Aeschylus,33,0,0,1,0,0,0,0,0,7,0,0,8,,,,
Diodorus,0,22,0,0,0,0,0,0,7,0,1,0,8,,,,
Herodotus,0,2,31,0,0,0,2,2,1,0,3,1,11,,,,
Hesiod,4,0,0,30,3,2,0,0,0,1,0,0,10,,,,
HomerIl,0,0,0,1,35,0,0,0,0,0,0,0,1,,,,
HomerOd,0,0,0,1,10,33,0,0,0,0,0,0,11,,,,
Lysias,0,0,3,0,0,0,29,0,1,0,3,1,8,,,,
Plutarch,0,4,5,0,0,0,0,11,11,0,1,0,21,,,,
Polybius,0,2,1,0,0,0,0,0,31,0,2,1,6,,,,
Sophocles,6,0,0,0,0,0,0,0,0,35,0,0,6,,,,
Thucydides,0,2,8,0,0,0,6,2,4,0,19,0,22,,,,
Xenophon,0,0,5,0,0,0,6,1,5,0,4,18,21,,,,
-SUM-,10,10,22,3,13,2,14,5,29,8,14,3,133,,,,
Aeschylus,39,0,0,0,0,1,0,0,0,3,0,0,4,,,,
Diodorus,0,20,0,0,0,0,0,0,12,0,2,0,14,,,,
Herodotus,0,0,20,0,0,0,1,1,1,0,8,2,13,,,,
Hesiod,1,0,0,23,6,6,0,0,0,2,0,0,15,,,,
HomerIl,0,0,0,1,45,3,0,0,0,0,0,0,4,,,,
HomerOd,0,0,0,0,3,39,0,0,0,0,0,0,3,,,,
Lysias,0,0,2,0,0,0,22,0,1,0,2,3,8,,,,
Plutarch,0,0,2,0,0,0,0,20,10,0,4,4,20,,,,
Polybius,0,3,2,0,0,0,0,2,27,0,0,0,7,,,,
Sophocles,5,0,0,0,1,0,0,0,1,36,0,0,7,,,,
Thucydides,0,3,2,0,0,0,3,1,3,0,20,4,16,,,,
Xenophon,0,2,2,0,0,0,4,1,6,0,3,20,18,,,,
-SUM-,6,8,10,1,10,10,8,5,34,5,19,13,129,,,,
Aeschylus,40,0,0,0,0,0,0,0,0,3,0,0,3,,,,
Diodorus,0,22,1,0,0,0,0,0,18,0,1,0,20,,,,
Herodotus,1,3,30,0,0,0,2,0,3,0,5,1,15,,,,
Hesiod,1,0,0,33,3,4,0,0,0,1,0,0,9,,,,
HomerIl,0,0,0,0,47,4,0,0,0,0,0,0,4,,,,
HomerOd,0,0,0,1,3,30,0,0,0,0,0,0,4,,,,
Lysias,0,0,4,0,0,0,23,0,1,0,3,0,8,,,,
Plutarch,0,0,2,0,0,0,1,21,1,0,3,2,9,,,,
Polybius,0,2,0,0,0,0,0,1,37,0,1,1,5,,,,
Sophocles,5,0,0,0,1,0,0,0,0,32,0,0,6,,,,
Thucydides,0,0,3,0,0,0,0,2,2,0,15,2,9,,,,
Xenophon,0,0,3,0,0,0,3,0,3,0,9,20,18,,,,
-SUM-,7,5,13,1,7,8,6,3,28,4,22,6,110,,,,
Aeschylus,43,0,0,0,0,0,0,0,0,5,0,0,5,,,,
Diodorus,0,17,1,0,0,0,0,0,12,0,2,0,15,,,,
Herodotus,0,3,35,0,0,0,1,0,1,0,3,2,10,,,,
Hesiod,0,0,0,31,4,3,0,0,0,1,0,0,8,,,,
HomerIl,0,0,0,0,40,1,0,0,0,0,0,0,1,,,,
HomerOd,0,0,0,1,3,31,0,0,0,0,0,0,4,,,,
Lysias,0,1,4,0,0,0,26,0,2,0,2,2,11,,,,
Plutarch,0,1,1,0,0,0,2,19,11,0,2,1,18,,,,
Polybius,0,2,1,0,0,0,1,2,36,0,0,1,7,,,,
Sophocles,1,0,0,1,0,0,0,0,0,30,0,0,2,,,,
Thucydides,0,1,6,0,0,0,8,2,7,0,14,1,25,,,,
Xenophon,0,6,4,0,0,0,2,1,2,0,1,16,16,,,,
-SUM-,1,14,17,2,7,4,14,5,35,6,10,7,122,,,,
Aeschylus,38,0,0,0,0,0,0,0,0,1,0,0,1,,,,
Diodorus,0,27,0,0,0,0,0,0,12,0,1,0,13,,,,
Herodotus,0,4,19,0,0,0,2,0,2,0,4,5,17,,,,
Hesiod,0,0,0,28,2,2,0,0,0,1,0,0,5,,,,
HomerIl,0,0,0,0,25,1,0,0,0,0,0,0,1,,,,
HomerOd,0,0,0,0,6,34,0,0,0,0,0,0,6,,,,
Lysias,0,0,4,0,0,0,23,0,2,0,2,2,10,,,,
Plutarch,0,1,7,0,0,0,0,18,8,0,4,2,22,,,,
Polybius,0,4,0,0,0,0,1,1,44,0,0,0,6,,,,
Sophocles,5,0,0,0,0,1,0,0,0,39,0,0,6,,,,
Thucydides,0,0,9,0,0,0,3,1,3,0,28,2,18,,,,
Xenophon,0,2,3,0,0,0,3,1,4,0,3,16,16,,,,
-SUM-,5,11,23,0,8,4,9,3,31,2,14,11,121,,,,
Aeschylus,27,0,0,0,0,0,0,0,0,6,0,0,6,,,,
Diodorus,0,24,1,0,0,0,0,1,10,0,0,0,12,,,,
Herodotus,1,1,26,0,0,0,1,1,0,0,2,3,9,,,,
Hesiod,3,0,0,27,3,4,0,0,0,1,0,1,12,,,,
HomerIl,0,0,0,0,34,6,0,0,0,0,0,0,6,,,,
HomerOd,0,0,0,1,4,34,0,0,0,0,0,0,5,,,,
Lysias,0,1,8,0,0,0,23,0,0,0,2,6,17,,,,
Plutarch,0,0,5,0,0,0,1,23,10,0,1,1,18,,,,
Polybius,0,2,0,0,0,0,0,1,32,0,1,0,4,,,,
Sophocles,5,0,0,0,2,1,0,0,0,41,0,0,8,,,,
Thucydides,0,2,7,0,0,0,0,5,5,0,16,2,21,,,,
Xenophon,0,1,4,0,0,0,5,2,0,0,4,19,16,,,,
-SUM-,9,7,25,1,9,11,7,10,25,7,10,13,134,,,,
Aeschylus,34,0,0,1,0,0,0,0,0,6,0,0,7,,,,
Diodorus,0,21,2,0,0,0,0,0,16,0,0,0,18,,,,
Herodotus,0,1,33,0,0,0,1,0,3,0,2,0,7,,,,
Hesiod,0,0,0,25,8,3,0,0,0,1,0,0,12,,,,
HomerIl,0,0,0,0,27,2,0,0,0,0,0,0,2,,,,
HomerOd,0,0,0,1,10,33,0,0,0,0,0,0,11,,,,
Lysias,0,0,6,0,0,0,31,1,0,0,0,1,8,,,,
Plutarch,0,2,0,0,0,0,0,18,10,0,0,0,12,,,,
Polybius,0,2,0,0,0,0,0,2,37,0,1,0,5,,,,
Sophocles,5,0,1,0,1,0,0,0,0,32,0,0,7,,,,
Thucydides,0,0,10,0,0,0,1,1,4,0,16,2,18,,,,
Xenophon,0,2,7,0,0,0,10,2,1,0,2,22,24,,,,
-SUM-,5,7,26,2,19,5,12,6,34,7,5,3,131,,,,
Aeschylus,38,0,0,0,0,0,0,0,0,2,0,0,2,,,,
Diodorus,0,28,0,0,0,0,0,1,10,0,1,0,12,,,,
Herodotus,1,2,23,0,0,0,5,0,1,0,3,4,16,,,,
Hesiod,1,0,0,25,6,0,0,0,0,0,0,0,7,,,,
HomerIl,0,0,0,0,32,5,0,0,0,0,0,0,5,,,,
HomerOd,0,0,0,0,4,38,0,0,0,0,0,0,4,,,,
Lysias,0,0,7,0,0,0,24,0,3,0,5,3,18,,,,
Plutarch,0,4,0,0,0,0,0,24,4,0,4,4,16,,,,
Polybius,0,0,0,0,0,0,0,0,33,0,0,0,0,,,,
Sophocles,4,0,0,0,0,0,0,0,0,34,0,0,4,,,,
Thucydides,0,1,7,0,0,0,3,2,3,0,18,1,17,,,,
Xenophon,0,1,8,0,0,0,4,1,5,1,2,20,22,,,,
-SUM-,6,8,22,0,10,5,12,4,26,3,15,12,123,,,,
Aeschylus,37,0,0,0,0,0,0,0,0,8,0,0,8,,,,
Diodorus,0,23,0,0,0,0,0,2,15,0,1,1,19,,,,
Herodotus,0,0,32,0,0,0,1,1,0,0,1,2,5,,,,
Hesiod,1,0,0,31,4,2,0,0,0,1,0,0,8,,,,
HomerIl,0,0,0,0,33,4,0,0,0,0,0,0,4,,,,
HomerOd,0,0,0,0,5,29,0,0,0,0,0,0,5,,,,
Lysias,0,1,9,0,0,0,25,0,0,0,3,4,17,,,,
Plutarch,0,2,0,0,0,0,3,22,7,0,2,0,14,,,,
Polybius,0,5,1,0,0,0,0,2,33,0,0,0,8,,,,
Sophocles,6,0,0,0,0,0,0,0,0,35,0,0,6,,,,
Thucydides,0,2,8,0,0,0,1,2,3,0,15,0,16,,,,
Xenophon,0,5,5,0,0,0,0,3,5,0,4,13,22,,,,
-SUM-,7,15,23,0,9,6,5,10,30,9,11,7,132,,,,
Aeschylus,43,0,0,0,0,0,0,0,0,4,0,0,4,,,,
Diodorus,0,28,1,0,0,0,0,0,12,0,0,0,13,,,,
Herodotus,0,0,28,0,0,0,1,0,1,0,5,2,9,,,,
Hesiod,1,0,0,25,2,1,0,0,0,2,0,0,6,,,,
HomerIl,0,0,0,0,39,5,0,0,0,0,0,0,5,,,,
HomerOd,0,0,0,0,7,31,0,0,0,0,0,0,7,,,,
Lysias,0,0,5,0,0,0,20,0,2,0,5,0,12,,,,
Plutarch,0,1,1,0,0,0,0,17,7,0,2,1,12,,,,
Polybius,0,2,1,0,0,0,0,0,41,0,2,0,5,,,,
Sophocles,3,0,0,0,1,1,0,0,0,25,0,0,5,,,,
Thucydides,0,1,5,0,0,0,4,1,3,0,24,2,16,,,,
Xenophon,0,0,10,0,0,0,6,3,3,0,1,22,23,,,,
-SUM-,4,4,23,0,10,7,11,4,28,6,15,5,117,,,,
Aeschylus,34,0,0,0,0,1,0,0,0,5,0,0,6,,,,
Diodorus,0,19,2,0,0,0,0,1,9,0,1,0,13,,,,
Herodotus,0,1,38,0,0,0,2,3,4,0,3,4,17,,,,
Hesiod,1,0,0,18,6,3,0,0,0,0,0,0,10,,,,
HomerIl,0,0,0,0,37,2,0,0,0,0,0,0,2,,,,
HomerOd,0,0,0,1,5,37,0,0,0,0,0,0,6,,,,
Lysias,0,0,2,0,0,0,24,0,0,0,0,2,4,,,,
Plutarch,0,1,3,0,0,0,1,10,16,0,2,1,24,,,,
Polybius,0,3,2,0,0,0,0,0,29,0,0,1,6,,,,
Sophocles,5,0,0,1,2,1,0,0,0,25,0,0,9,,,,
Thucydides,0,1,8,0,0,0,6,1,7,0,22,2,25,,,,
Xenophon,0,3,7,0,0,0,4,0,2,0,9,20,25,,,,
-SUM-,6,9,24,2,13,7,13,5,38,5,15,10,147,,,,
Aeschylus,32,0,0,0,0,1,0,0,0,3,0,0,4,,,,
Diodorus,0,17,0,0,0,0,1,1,13,0,0,1,16,,,,
Herodotus,0,1,26,0,0,0,0,2,0,0,3,3,9,,,,
Hesiod,1,0,0,25,7,3,0,0,0,1,0,0,12,,,,
HomerIl,0,0,0,3,35,2,0,0,0,0,0,0,5,,,,
HomerOd,1,0,0,1,3,32,0,0,0,0,0,0,5,,,,
Lysias,0,0,5,0,0,0,25,0,3,0,1,2,11,,,,
Plutarch,0,0,2,0,0,0,1,21,3,0,1,1,8,,,,
Polybius,0,2,1,0,0,0,0,1,41,0,1,0,5,,,,
Sophocles,2,0,0,0,3,0,0,0,0,45,0,0,5,,,,
Thucydides,0,2,9,0,0,0,2,0,3,0,23,3,19,,,,
Xenophon,0,1,6,0,0,0,6,1,4,0,5,16,23,,,,
-SUM-,4,6,23,4,13,6,10,5,26,4,11,10,122,,,,
Aeschylus,44,0,0,0,0,0,0,0,0,4,0,0,4,,,,
Diodorus,0,19,1,0,0,0,0,1,15,0,1,0,18,,,,
Herodotus,0,2,37,0,0,0,3,0,2,0,2,5,14,,,,
Hesiod,1,0,0,22,1,1,0,0,0,0,0,0,3,,,,
HomerIl,0,0,0,0,42,2,0,0,0,0,0,0,2,,,,
HomerOd,0,0,0,0,2,38,0,0,0,0,0,0,2,,,,
Lysias,0,0,3,0,0,0,30,0,0,0,2,0,5,,,,
Plutarch,0,1,0,0,0,0,2,25,6,0,3,1,13,,,,
Polybius,0,5,0,0,0,0,0,1,32,0,0,0,6,,,,
Sophocles,5,0,0,1,1,0,0,0,0,33,0,0,7,,,,
Thucydides,0,1,5,0,0,0,7,0,5,0,16,1,19,,,,
Xenophon,0,2,2,0,0,0,2,2,4,0,1,16,13,,,,
-SUM-,6,11,11,1,4,3,14,4,32,4,9,7,106,,,,
Aeschylus,46,0,0,1,0,0,0,0,0,7,0,0,8,,,,
Diodorus,0,28,0,0,0,0,0,0,11,0,0,0,11,,,,
Herodotus,0,5,23,0,0,0,2,0,0,0,7,1,15,,,,
Hesiod,1,0,0,25,6,2,0,0,0,0,0,0,9,,,,
HomerIl,0,0,0,0,44,2,0,0,0,0,0,0,2,,,,
HomerOd,0,0,0,1,4,33,0,0,0,0,0,0,5,,,,
Lysias,0,1,7,0,0,0,17,0,1,0,1,2,12,,,,
Plutarch,0,0,3,0,0,0,0,12,8,0,2,2,15,,,,
Polybius,0,3,0,0,0,0,0,0,34,0,0,0,3,,,,
Sophocles,2,0,0,0,1,1,0,0,1,36,0,0,5,,,,
Thucydides,0,1,3,0,0,0,4,1,6,0,18,2,17,,,,
Xenophon,0,1,6,0,0,0,5,2,4,0,6,18,24,,,,
-SUM-,3,11,19,2,11,5,11,3,31,7,16,7,126,,,,
Aeschylus,38,0,0,2,0,0,0,0,0,5,0,0,7,,,,
Diodorus,0,28,0,0,0,0,0,1,9,0,1,0,11,,,,
Herodotus,0,1,29,0,0,0,0,0,0,0,4,4,9,,,,
Hesiod,1,0,1,24,5,2,0,0,0,0,0,0,9,,,,
HomerIl,0,0,0,0,31,3,0,0,0,0,0,0,3,,,,
HomerOd,0,0,0,0,5,29,0,0,0,0,0,0,5,,,,
Lysias,0,0,7,0,0,0,34,0,0,0,3,2,12,,,,
Plutarch,0,4,2,0,0,0,1,20,8,0,1,2,18,,,,
Polybius,0,3,0,0,0,0,0,4,39,0,0,0,7,,,,
Sophocles,3,0,0,0,0,0,0,0,0,37,0,0,3,,,,
Thucydides,0,1,5,0,0,0,3,3,1,0,12,1,14,,,,
Xenophon,0,1,11,0,0,0,3,2,2,0,8,14,27,,,,
-SUM-,4,10,26,2,10,5,7,10,20,5,17,9,125,,,,
Aeschylus,39,0,0,0,1,1,0,0,0,3,0,0,5,,,,
Diodorus,0,20,1,0,0,0,0,0,9,0,1,2,13,,,,
Herodotus,0,1,33,0,0,0,1,1,2,0,3,2,10,,,,
Hesiod,1,0,0,26,5,1,0,0,0,1,0,0,8,,,,
HomerIl,0,0,0,0,35,2,0,0,0,0,0,0,2,,,,
HomerOd,0,0,0,0,5,27,0,0,0,0,0,0,5,,,,
Lysias,0,0,4,0,0,0,31,0,3,0,3,2,12,,,,
Plutarch,0,2,1,0,0,0,0,20,11,0,2,2,18,,,,
Polybius,0,4,2,0,0,0,0,1,29,0,1,1,9,,,,
Sophocles,6,0,0,1,0,1,0,0,0,33,0,0,8,,,,
Thucydides,0,1,7,0,0,0,0,1,3,0,15,6,18,,,,
Xenophon,0,3,2,0,0,0,3,3,6,0,6,21,23,,,,
-SUM-,7,11,17,1,11,5,4,6,34,4,16,15,131,,,,
Aeschylus,38,0,0,0,0,1,0,0,0,8,0,0,9,,,,
Diodorus,0,25,1,0,0,0,0,0,11,0,2,1,15,,,,
Herodotus,0,0,26,0,0,0,2,0,0,0,3,2,7,,,,
Hesiod,1,0,0,32,5,3,0,0,0,0,0,0,9,,,,
HomerIl,0,0,0,1,38,3,0,0,0,0,0,0,4,,,,
HomerOd,0,0,0,1,5,39,0,0,0,0,0,0,6,,,,
Lysias,0,1,4,0,0,0,25,1,3,0,1,1,11,,,,
Plutarch,0,0,1,0,0,0,1,28,9,0,3,1,15,,,,
Polybius,0,5,0,0,0,0,0,2,29,0,0,0,7,,,,
Sophocles,5,0,0,0,2,0,0,0,0,20,0,0,7,,,,
Thucydides,0,1,6,0,0,0,2,3,5,0,11,6,23,,,,
Xenophon,0,1,3,0,0,0,5,1,3,0,7,16,20,,,,
-SUM-,6,8,15,2,12,7,10,7,31,8,16,11,133,,,,
Aeschylus,41,0,0,0,0,0,0,0,0,6,0,0,6,,,,
Diodorus,0,23,0,0,0,0,0,1,15,0,0,1,17,,,,
Herodotus,0,1,27,0,0,0,1,0,1,0,3,3,9,,,,
Hesiod,2,0,0,24,9,2,0,0,0,1,0,0,14,,,,
HomerIl,0,0,0,1,35,0,0,0,0,0,0,0,1,,,,
HomerOd,0,0,0,0,5,33,0,0,0,0,0,0,5,,,,
Lysias,0,0,1,0,0,0,22,0,0,0,3,2,6,,,,
Plutarch,0,3,3,0,0,0,1,26,5,0,2,1,15,,,,
Polybius,0,1,0,0,0,0,0,1,41,0,1,0,3,,,,
Sophocles,4,0,0,0,0,1,0,0,0,30,0,0,5,,,,
Thucydides,0,1,7,0,0,0,2,0,4,0,24,2,16,,,,
Xenophon,0,2,4,0,0,0,3,1,4,0,1,22,15,,,,
-SUM-,6,8,15,1,14,3,7,3,29,7,10,9,112,,,,
Aeschylus,29,0,0,1,0,0,0,0,0,5,0,0,6,,,,
Diodorus,0,21,2,0,0,0,1,0,8,0,3,0,14,,,,
Herodotus,0,0,27,0,0,0,2,2,3,0,2,1,10,,,,
Hesiod,0,0,1,19,2,2,0,0,0,1,0,0,6,,,,
HomerIl,1,0,0,1,40,1,0,0,0,0,0,0,3,,,,
HomerOd,0,0,0,0,4,32,0,0,0,0,0,0,4,,,,
Lysias,0,0,4,0,0,0,29,0,1,0,4,3,12,,,,
Plutarch,0,3,4,0,0,0,1,28,7,0,3,3,21,,,,
Polybius,0,0,0,0,0,0,0,2,36,0,1,0,3,,,,
Sophocles,6,0,0,0,1,1,0,0,0,34,0,0,8,,,,
Thucydides,0,1,3,0,0,0,2,3,4,0,19,0,13,,,,
Xenophon,0,1,7,0,0,0,6,3,5,0,4,20,26,,,,
-SUM-,7,5,21,2,7,4,12,10,28,6,17,7,126,,,,
Aeschylus,35,0,0,0,0,0,0,0,0,6,0,0,6,,,,
Diodorus,0,21,1,0,0,0,0,1,13,0,0,0,15,,,,
Herodotus,0,3,25,0,0,0,1,1,2,0,4,4,15,,,,
Hesiod,0,0,0,29,2,1,0,0,0,1,0,0,4,,,,
HomerIl,0,0,0,1,46,3,0,0,0,0,0,0,4,,,,
HomerOd,0,0,0,0,4,37,0,0,0,0,0,0,4,,,,
Lysias,0,1,5,0,0,0,26,0,2,0,1,2,11,,,,
Plutarch,0,4,2,0,0,0,2,18,8,0,3,1,20,,,,
Polybius,0,2,0,0,0,0,0,1,38,0,1,0,4,,,,
Sophocles,7,0,0,0,0,0,0,0,0,27,0,0,7,,,,
Thucydides,0,1,5,0,0,0,6,3,2,0,16,2,19,,,,
Xenophon,0,2,4,0,0,0,5,1,4,0,1,16,17,,,,
-SUM-,7,13,17,1,6,4,14,7,31,7,10,9,126,,,,
Aeschylus,31,0,0,0,0,1,0,0,0,4,0,0,5,,,,
Diodorus,0,25,3,0,0,0,0,0,11,0,2,0,16,,,,
Herodotus,0,0,34,0,0,0,0,1,3,0,9,2,15,,,,
Hesiod,1,0,0,32,4,2,0,0,0,1,0,0,8,,,,
HomerIl,0,0,0,0,29,2,0,0,0,0,0,0,2,,,,
HomerOd,0,0,0,1,6,32,0,0,0,0,0,0,7,,,,
Lysias,0,0,4,0,0,0,21,0,2,0,6,2,14,,,,
Plutarch,0,4,4,0,0,0,0,18,7,0,1,0,16,,,,
Polybius,0,3,0,0,0,0,0,4,31,0,0,1,8,,,,
Sophocles,4,0,0,0,0,1,0,0,0,38,0,0,5,,,,
Thucydides,0,1,5,0,0,0,4,3,1,0,20,2,16,,,,
Xenophon,0,2,3,0,0,0,6,2,6,0,2,16,21,,,,
-SUM-,5,10,19,1,10,6,10,10,30,5,20,7,133,,,,
Aeschylus,39,0,0,1,0,0,0,0,0,6,0,0,7,,,,
Diodorus,0,19,1,0,0,0,0,0,19,0,0,1,21,,,,
Herodotus,0,0,28,0,0,0,0,1,0,0,4,3,8,,,,
Hesiod,2,0,0,34,4,3,0,0,0,0,0,0,9,,,,
HomerIl,0,0,0,0,33,4,0,0,0,0,0,0,4,,,,
HomerOd,0,0,0,0,5,34,0,0,0,0,0,0,5,,,,
Lysias,0,0,4,0,0,0,19,0,2,0,3,3,12,,,,
Plutarch,0,2,2,0,0,0,0,21,7,0,3,0,14,,,,
Polybius,0,3,0,0,0,0,0,0,38,0,3,0,6,,,,
Sophocles,7,0,0,0,0,0,0,0,0,39,0,0,7,,,,
Thucydides,0,3,5,0,0,0,4,1,3,0,15,0,16,,,,
Xenophon,0,1,3,0,0,0,2,0,2,0,6,18,14,,,,
-SUM-,9,9,15,1,9,7,6,2,33,6,19,7,123,,,,
Aeschylus,38,0,0,0,0,0,0,0,0,3,0,0,3,,,,
Diodorus,0,23,2,0,0,0,0,1,16,0,0,0,19,,,,
Herodotus,0,2,33,0,0,0,2,1,2,0,4,1,12,,,,
Hesiod,0,0,0,28,3,1,0,0,0,1,0,0,5,,,,
HomerIl,0,0,0,1,34,1,0,0,0,0,0,0,2,,,,
HomerOd,0,0,0,0,1,41,0,0,0,0,0,0,1,,,,
Lysias,0,0,6,0,0,0,19,0,0,0,2,2,10,,,,
Plutarch,0,1,4,0,0,0,2,18,7,0,3,2,19,,,,
Polybius,0,2,0,0,0,0,0,0,25,0,0,0,2,,,,
Sophocles,6,0,0,0,1,1,0,0,0,34,0,0,8,,,,
Thucydides,0,3,7,0,0,0,5,0,3,0,24,1,19,,,,
Xenophon,0,2,5,0,0,0,8,1,5,0,6,16,27,,,,
-SUM-,6,10,24,1,5,3,17,3,33,4,15,6,127,,,,
Aeschylus,39,0,0,0,0,0,0,0,0,1,0,0,1,,,,
Diodorus,0,24,0,0,0,0,0,2,15,0,1,0,18,,,,
Herodotus,0,1,28,0,0,0,2,2,0,0,3,3,11,,,,
Hesiod,0,0,0,26,2,4,0,0,0,0,0,0,6,,,,
HomerIl,0,0,0,1,40,1,0,0,0,0,0,0,2,,,,
HomerOd,0,0,0,0,4,35,0,0,0,0,0,0,4,,,,
Lysias,0,1,5,0,0,0,23,0,0,0,3,1,10,,,,
Plutarch,0,1,2,0,0,0,0,27,11,0,2,2,18,,,,
Polybius,0,4,0,0,0,0,0,3,34,0,2,2,11,,,,
Sophocles,2,0,0,0,1,0,0,0,0,28,0,0,3,,,,
Thucydides,0,0,5,0,0,0,6,2,2,0,20,0,15,,,,
Xenophon,0,5,6,0,0,0,5,2,4,0,6,9,28,,,,
-SUM-,2,12,18,1,7,5,13,11,32,1,17,8,127,,,,
Aeschylus,41,0,0,1,0,0,0,0,0,5,0,0,6,,,,
Diodorus,0,21,1,0,0,0,0,0,8,0,1,0,10,,,,
Herodotus,0,1,27,0,0,0,2,0,2,0,2,1,8,,,,
Hesiod,2,0,1,27,5,1,0,0,0,1,0,0,10,,,,
HomerIl,0,0,0,0,38,2,0,0,0,0,0,0,2,,,,
HomerOd,0,0,0,0,5,25,0,0,0,0,0,0,5,,,,
Lysias,0,0,4,0,0,0,23,0,2,0,1,2,9,,,,
Plutarch,0,3,4,0,0,0,1,18,7,0,2,0,17,,,,
Polybius,0,3,1,0,0,0,0,3,42,0,1,1,9,,,,
Sophocles,5,0,0,0,1,0,0,0,0,35,0,0,6,,,,
Thucydides,0,1,14,0,0,0,4,1,4,0,17,3,27,,,,
Xenophon,0,2,6,0,0,0,2,2,3,0,4,18,19,,,,
-SUM-,7,10,31,1,11,3,9,6,26,6,11,7,128,,,,
Aeschylus,33,0,0,0,0,0,0,0,0,3,0,0,3,,,,
Diodorus,0,31,0,0,0,0,0,0,18,0,1,2,21,,,,
Herodotus,0,1,31,0,0,0,6,1,3,0,5,1,17,,,,
Hesiod,2,0,0,29,5,1,0,0,0,1,0,0,9,,,,
HomerIl,0,0,0,0,25,4,0,0,0,0,0,0,4,,,,
HomerOd,0,0,0,0,2,36,0,0,0,0,0,0,2,,,,
Lysias,0,1,3,0,0,0,30,0,1,0,4,2,11,,,,
Plutarch,0,6,0,0,0,0,0,26,2,0,4,0,12,,,,
Polybius,0,5,0,0,0,0,0,2,28,0,0,1,8,,,,
Sophocles,3,0,0,0,0,1,0,0,0,36,0,0,4,,,,
Thucydides,0,0,1,0,0,0,6,1,3,0,20,0,11,,,,
Xenophon,0,0,8,0,0,0,2,0,2,0,4,17,16,,,,
-SUM-,5,13,12,0,7,6,14,4,29,4,18,6,118,,,,
Aeschylus,38,0,0,0,0,1,0,0,0,4,0,0,5,,,,
Diodorus,0,26,3,0,0,0,0,1,9,0,0,1,14,,,,
Herodotus,0,2,22,0,0,0,2,1,3,0,4,2,14,,,,
Hesiod,3,0,0,22,5,2,0,0,0,1,0,0,11,,,,
HomerIl,0,0,0,0,39,1,0,0,0,0,0,0,1,,,,
HomerOd,2,0,0,0,5,33,0,0,0,0,0,0,7,,,,
Lysias,0,0,2,0,0,0,22,1,0,0,1,4,8,,,,
Plutarch,0,2,3,0,0,0,1,22,6,0,4,1,17,,,,
Polybius,0,3,0,0,0,0,0,1,34,0,1,1,6,,,,
Sophocles,6,0,0,0,1,0,0,0,0,38,0,0,7,,,,
Thucydides,0,1,7,0,0,0,4,1,2,0,18,3,18,,,,
Xenophon,0,1,8,0,0,0,7,0,2,0,4,16,22,,,,
-SUM-,11,9,23,0,11,4,14,5,22,5,14,12,130,,,,
Aeschylus,32,0,0,1,0,0,0,0,0,0,0,0,1,,,,
Diodorus,0,19,2,0,0,0,0,2,15,0,0,0,19,,,,
Herodotus,0,1,29,0,0,0,3,1,0,0,1,3,9,,,,
Hesiod,1,0,1,27,5,4,0,0,0,1,0,0,12,,,,
HomerIl,0,0,0,0,37,3,0,0,0,0,0,0,3,,,,
HomerOd,0,0,0,1,7,36,0,0,0,0,0,0,8,,,,
Lysias,0,2,0,0,0,0,27,0,2,0,1,3,8,,,,
Plutarch,0,5,2,0,0,0,0,16,15,0,3,3,28,,,,
Polybius,0,3,0,0,0,0,0,1,24,0,1,0,5,,,,
Sophocles,5,0,0,0,1,0,0,0,0,32,0,0,6,,,,
Thucydides,0,1,7,0,0,0,2,1,2,0,19,0,13,,,,
Xenophon,0,3,7,0,0,0,3,1,7,0,5,24,26,,,,
-SUM-,6,15,19,2,13,7,8,6,41,1,11,9,138,,,,
Aeschylus,34,0,0,0,0,0,0,0,0,6,0,0,6,,,,
Diodorus,0,28,2,0,0,0,0,1,9,0,1,0,13,,,,
Herodotus,0,1,27,0,0,0,1,1,0,0,5,1,9,,,,
Hesiod,1,0,0,17,5,1,0,0,0,3,0,0,10,,,,
HomerIl,0,0,0,0,32,3,0,0,0,0,0,0,3,,,,
HomerOd,0,0,0,1,6,38,0,0,0,0,0,0,7,,,,
Lysias,0,0,4,0,0,0,35,0,1,0,8,3,16,,,,
Plutarch,0,1,2,0,0,0,2,21,5,0,5,0,15,,,,
Polybius,0,4,0,0,0,0,0,2,44,0,0,0,6,,,,
Sophocles,3,0,0,0,0,0,0,0,0,30,0,0,3,,,,
Thucydides,0,1,3,0,0,0,5,6,1,0,22,1,17,,,,
Xenophon,0,0,3,0,0,0,4,3,1,0,2,14,13,,,,
-SUM-,4,7,14,1,11,4,12,13,17,9,21,5,118,,,,
Aeschylus,32,0,0,0,0,0,0,0,0,3,0,0,3,,,,
Diodorus,0,29,2,0,0,0,0,0,11,0,0,0,13,,,,
Herodotus,0,1,27,0,0,0,0,1,0,0,2,4,8,,,,
Hesiod,1,0,0,28,5,3,0,0,0,1,0,0,10,,,,
HomerIl,0,0,0,0,49,2,0,0,0,0,0,0,2,,,,
HomerOd,0,0,0,0,3,34,0,0,0,0,0,0,3,,,,
Lysias,0,0,3,0,0,0,33,0,1,0,0,2,6,,,,
Plutarch,0,0,0,0,0,0,1,19,8,0,2,2,13,,,,
Polybius,0,5,0,0,0,0,0,2,32,0,2,0,9,,,,
Sophocles,3,0,0,0,0,0,0,0,0,27,0,0,3,,,,
Thucydides,0,2,7,0,0,0,4,6,4,0,21,6,29,,,,
Xenophon,0,2,5,0,0,0,4,2,1,0,1,15,15,,,,
-SUM-,4,10,17,0,8,5,9,11,25,4,7,14,114,,,,
Aeschylus,48,0,0,0,0,0,0,0,0,3,0,0,3,,,,
Diodorus,0,25,0,0,0,0,0,0,10,0,0,0,10,,,,
Herodotus,0,1,23,0,0,0,2,2,0,0,8,3,16,,,,
Hesiod,1,0,0,23,4,0,0,0,0,0,0,0,5,,,,
HomerIl,0,0,0,0,49,0,0,0,0,0,0,0,0,,,,
HomerOd,0,0,0,0,4,39,0,0,0,0,0,0,4,,,,
Lysias,0,0,3,0,0,0,23,0,3,0,1,1,8,,,,
Plutarch,0,0,1,0,0,0,1,21,7,0,4,1,14,,,,
Polybius,1,2,0,0,0,0,0,1,27,0,1,0,5,,,,
Sophocles,4,0,0,0,2,0,0,0,0,31,0,0,6,,,,
Thucydides,0,1,9,0,0,0,4,2,2,0,23,1,19,,,,
Xenophon,0,4,7,0,0,0,3,1,5,0,1,17,21,,,,
-SUM-,6,8,20,0,10,0,10,6,27,3,15,6,111,,,,
Aeschylus,32,0,0,0,1,1,0,0,0,8,0,0,10,,,,
Diodorus,0,26,0,0,0,0,0,0,5,0,1,1,7,,,,
Herodotus,0,3,26,0,0,0,3,1,3,0,7,9,26,,,,
Hesiod,2,0,0,24,5,3,0,0,0,1,0,0,11,,,,
HomerIl,0,0,0,0,37,0,0,0,0,0,0,0,0,,,,
HomerOd,0,0,0,2,4,35,0,0,0,0,0,0,6,,,,
Lysias,0,0,1,0,0,0,23,0,0,0,1,2,4,,,,
Plutarch,0,1,0,0,0,0,0,23,8,0,4,0,13,,,,
Polybius,0,4,0,0,0,0,1,3,31,0,0,1,9,,,,
Sophocles,1,0,0,0,2,0,0,0,0,32,0,0,3,,,,
Thucydides,0,0,5,0,0,0,5,4,5,0,24,4,23,,,,
Xenophon,0,1,1,0,0,0,8,2,3,0,5,15,20,,,,
-SUM-,3,9,7,2,12,4,17,10,24,9,18,17,132,,,,
Aeschylus,34,0,0,0,0,0,0,0,0,6,0,0,6,,,,
Diodorus,0,19,0,0,0,0,0,2,15,0,2,0,19,,,,
Herodotus,0,2,29,0,0,0,2,3,2,0,3,2,14,,,,
Hesiod,0,0,0,27,4,0,0,0,0,0,0,0,4,,,,
HomerIl,0,0,0,2,32,2,0,0,0,0,0,0,4,,,,
HomerOd,0,0,0,0,6,35,0,0,0,0,0,0,6,,,,
Lysias,0,0,5,0,0,0,28,0,1,0,4,3,13,,,,
Plutarch,0,1,1,0,0,0,1,23,3,0,4,1,11,,,,
Polybius,0,1,0,0,0,0,1,2,23,0,0,0,4,,,,
Sophocles,2,0,0,0,1,0,0,0,0,39,0,0,3,,,,
Thucydides,0,2,6,0,0,0,3,2,7,0,22,2,22,,,,
Xenophon,0,1,8,0,0,0,5,1,4,0,5,19,24,,,,
-SUM-,2,7,20,2,11,2,12,10,32,6,18,8,130,,,,
Aeschylus,45,0,0,0,0,0,0,0,0,6,0,0,6,,,,
Diodorus,0,21,1,0,0,0,0,0,13,0,1,0,15,,,,
Herodotus,0,0,32,0,0,0,2,1,2,0,4,5,14,,,,
Hesiod,2,0,0,26,3,3,0,0,0,1,0,0,9,,,,
HomerIl,0,0,0,0,30,1,0,0,0,0,0,0,1,,,,
HomerOd,1,0,0,1,4,37,0,0,0,0,0,0,6,,,,
Lysias,0,0,6,0,0,0,25,1,0,0,5,2,14,,,,
Plutarch,0,3,2,0,0,0,0,21,4,0,0,5,14,,,,
Polybius,0,2,0,0,0,0,0,1,28,0,1,1,5,,,,
Sophocles,1,0,0,0,0,1,0,0,0,33,0,0,2,,,,
Thucydides,0,1,7,0,0,0,2,1,4,0,24,1,16,,,,
Xenophon,0,4,3,0,0,0,4,1,1,0,4,19,17,,,,
-SUM-,4,10,19,1,7,5,8,5,24,7,15,14,119,,,,
Aeschylus,36,0,0,1,0,0,0,0,0,4,0,0,5,,,,
Diodorus,0,15,0,0,0,0,0,1,7,0,1,0,9,,,,
Herodotus,0,3,34,0,0,0,1,1,2,0,2,2,11,,,,
Hesiod,3,0,0,24,5,1,0,0,0,2,0,0,11,,,,
HomerIl,0,0,0,0,45,0,0,0,0,0,0,0,0,,,,
HomerOd,0,0,0,0,6,33,0,0,0,0,0,0,6,,,,
Lysias,0,0,4,0,0,0,28,1,1,0,5,1,12,,,,
Plutarch,0,1,3,0,0,0,0,29,5,0,0,2,11,,,,
Polybius,0,0,2,0,0,0,2,2,33,0,0,0,6,,,,
Sophocles,8,0,0,0,1,0,0,0,0,30,0,0,9,,,,
Thucydides,0,1,6,0,0,0,1,1,5,0,17,2,16,,,,
Xenophon,0,2,4,0,0,0,8,2,2,0,6,16,24,,,,
-SUM-,11,7,19,1,12,1,12,8,22,6,14,7,120,,,,
Aeschylus,26,0,0,0,0,0,0,0,0,7,0,0,7,,,,
Diodorus,0,20,0,0,0,0,0,1,16,0,2,1,20,,,,
Herodotus,0,2,26,0,0,0,1,1,0,0,6,0,10,,,,
Hesiod,0,0,0,24,6,4,0,0,0,0,0,0,10,,,,
HomerIl,0,0,0,0,39,3,0,0,0,0,0,0,3,,,,
HomerOd,1,0,0,0,5,44,0,0,0,0,0,0,6,,,,
Lysias,0,0,4,0,0,0,26,0,0,0,3,0,7,,,,
Plutarch,0,1,3,0,0,0,2,21,9,0,3,2,20,,,,
Polybius,0,3,0,0,0,0,0,1,37,0,1,0,5,,,,
Sophocles,4,0,0,0,2,0,0,0,0,33,0,0,6,,,,
Thucydides,0,1,7,0,0,0,1,1,5,0,19,4,19,,,,
Xenophon,0,0,5,0,0,0,3,0,7,0,3,14,18,,,,
-SUM-,5,7,19,0,13,7,7,4,37,7,18,7,131,,,,
Aeschylus,33,0,0,0,0,2,0,0,0,4,0,0,6,,,,
Diodorus,0,14,3,0,0,0,0,0,10,0,0,0,13,,,,
Herodotus,0,1,28,0,0,0,3,2,3,0,3,2,14,,,,
Hesiod,0,0,0,30,1,3,0,0,0,0,0,0,4,,,,
HomerIl,0,0,0,0,32,6,0,0,0,0,0,0,6,,,,
HomerOd,0,0,0,1,12,48,0,0,0,0,0,0,13,,,,
Lysias,0,0,4,0,0,0,17,0,0,0,2,1,7,,,,
Plutarch,0,3,3,0,0,0,0,23,8,0,3,2,19,,,,
Polybius,0,5,1,0,0,0,0,3,35,0,1,0,10,,,,
Sophocles,0,0,0,0,2,1,0,0,0,34,0,0,3,,,,
Thucydides,0,1,13,0,0,0,1,3,1,0,17,1,20,,,,
Xenophon,0,4,5,0,0,0,7,1,6,0,0,11,23,,,,
-SUM-,0,14,29,1,15,12,11,9,28,4,9,6,138,,,,
Aeschylus,40,0,0,1,0,0,0,0,0,5,0,0,6,,,,
Diodorus,0,18,0,0,0,0,0,1,11,0,0,0,12,,,,
Herodotus,0,0,24,0,0,0,3,0,0,0,3,1,7,,,,
Hesiod,2,0,0,24,2,1,0,0,0,1,0,0,6,,,,
HomerIl,0,0,0,0,39,2,0,0,0,0,0,0,2,,,,
HomerOd,0,0,0,0,5,50,0,0,0,0,0,0,5,,,,
Lysias,0,0,5,0,0,0,31,1,0,0,6,1,13,,,,
Plutarch,0,2,5,0,0,0,3,16,9,0,4,1,24,,,,
Polybius,0,1,3,0,0,0,0,1,33,0,0,2,7,,,,
Sophocles,5,0,0,0,0,0,0,0,0,32,0,0,5,,,,
Thucydides,0,2,3,0,0,0,1,4,0,0,16,5,15,,,,
Xenophon,0,1,5,0,0,0,3,2,3,0,4,17,18,,,,
-SUM-,7,6,21,1,7,3,10,9,23,6,17,10,120,,,,
Aeschylus,29,0,0,0,0,0,0,0,0,7,0,0,7,,,,
Diodorus,0,27,0,0,0,0,0,0,9,0,0,0,9,,,,
Herodotus,0,0,21,0,0,0,4,1,2,0,4,2,13,,,,
Hesiod,1,0,0,25,6,1,0,0,0,0,0,0,8,,,,
HomerIl,0,0,0,0,38,1,0,0,0,0,0,0,1,,,,
HomerOd,0,0,0,0,3,25,0,0,0,0,0,0,3,,,,
Lysias,0,0,5,0,0,0,17,0,2,0,0,1,8,,,,
Plutarch,0,2,2,0,0,0,0,20,3,0,3,0,10,,,,
Polybius,1,5,0,0,0,0,1,1,46,0,1,0,9,,,,
Sophocles,2,0,0,0,0,1,0,0,0,50,0,0,3,,,,
Thucydides,0,5,9,0,0,0,4,0,3,0,24,6,27,,,,
Xenophon,0,3,5,0,0,0,3,2,8,0,4,15,25,,,,
-SUM-,4,15,21,0,9,3,12,4,27,7,12,9,123,,,,
Aeschylus,41,0,0,0,0,0,0,0,0,7,0,0,7,,,,
Diodorus,0,20,0,0,0,0,0,0,10,0,1,1,12,,,,
Herodotus,0,3,21,0,0,0,2,2,5,0,2,1,15,,,,
Hesiod,2,0,0,24,8,1,0,0,0,1,0,0,12,,,,
HomerIl,0,0,0,1,45,2,0,0,0,0,0,0,3,,,,
HomerOd,0,0,0,1,1,33,0,0,0,0,0,0,2,,,,
Lysias,0,2,2,0,0,0,22,1,1,0,2,1,9,,,,
Plutarch,0,2,2,0,0,0,1,20,4,0,1,3,13,,,,
Polybius,0,2,0,0,0,0,0,0,38,0,1,1,4,,,,
Sophocles,6,0,0,0,0,0,0,0,0,37,0,0,6,,,,
Thucydides,0,1,3,0,0,0,8,5,3,0,17,1,21,,,,
Xenophon,0,1,3,0,0,0,7,0,7,0,5,15,23,,,,
-SUM-,8,11,10,2,9,3,18,8,30,8,12,8,127,,,,
Aeschylus,29,0,0,1,0,1,0,0,0,8,0,0,10,,,,
Diodorus,0,19,0,0,0,0,0,1,11,0,1,1,14,,,,
Herodotus,0,1,30,0,0,0,1,1,3,0,3,4,13,,,,
Hesiod,1,0,0,23,2,2,0,0,0,2,0,0,7,,,,
HomerIl,0,0,0,0,48,3,0,0,0,0,0,0,3,,,,
HomerOd,0,0,0,0,3,24,0,0,0,0,0,0,3,,,,
Lysias,0,0,4,0,0,0,28,0,3,0,2,4,13,,,,
Plutarch,0,1,4,0,0,0,0,16,7,0,1,2,15,,,,
Polybius,0,3,0,0,0,0,0,2,38,0,3,0,8,,,,
Sophocles,4,0,0,0,0,0,0,0,0,39,0,0,4,,,,
Thucydides,0,2,8,0,0,0,2,2,8,0,23,2,24,,,,
Xenophon,0,2,3,0,0,0,5,1,6,0,2,10,19,,,,
-SUM-,5,9,19,1,5,6,8,7,38,10,12,13,133,,,,
Aeschylus,35,0,0,0,0,0,0,0,0,2,0,0,2,,,,
Diodorus,0,23,2,0,0,0,0,1,15,0,2,0,20,,,,
Herodotus,0,1,26,0,0,0,1,1,1,0,3,1,8,,,,
Hesiod,1,0,0,24,2,4,0,0,0,1,0,0,8,,,,
HomerIl,0,0,0,1,38,1,0,0,0,0,0,0,2,,,,
HomerOd,0,0,0,0,2,33,0,0,0,0,0,0,2,,,,
Lysias,0,0,4,0,0,0,23,1,0,0,2,2,9,,,,
Plutarch,0,1,4,0,0,0,2,24,15,0,2,3,27,,,,
Polybius,0,2,0,0,0,0,0,0,39,0,2,1,5,,,,
Sophocles,4,0,1,0,0,0,0,0,0,25,0,0,5,,,,
Thucydides,0,4,6,0,0,0,3,2,7,0,19,1,23,,,,
Xenophon,0,1,6,0,0,0,4,4,1,0,1,23,17,,,,
-SUM-,5,9,23,1,4,5,10,9,39,3,12,8,128,,,,
Aeschylus,39,0,0,0,0,0,0,0,0,6,0,0,6,,,,
Diodorus,0,24,0,0,0,0,0,0,8,0,0,0,8,,,,
Herodotus,0,0,21,0,0,0,1,1,3,0,4,1,10,,,,
Hesiod,1,0,1,27,7,7,0,0,0,2,0,0,18,,,,
HomerIl,0,0,0,0,44,3,0,0,0,0,0,0,3,,,,
HomerOd,0,0,0,0,5,26,0,0,0,0,0,0,5,,,,
Lysias,0,0,2,0,0,0,33,2,3,0,2,2,11,,,,
Plutarch,0,3,3,0,0,0,0,24,5,0,4,3,18,,,,
Polybius,0,4,0,0,0,0,0,0,35,0,1,1,6,,,,
Sophocles,3,0,0,1,0,0,0,0,0,35,0,0,4,,,,
Thucydides,0,1,7,0,0,0,2,0,4,0,13,0,14,,,,
Xenophon,0,2,2,0,0,0,2,2,2,0,4,22,14,,,,
-SUM-,4,10,15,1,12,10,5,5,25,8,15,7,117,,,,
Aeschylus,44,0,0,0,1,0,0,0,0,5,0,0,6,,,,
Diodorus,0,12,1,0,0,0,0,1,15,0,0,0,17,,,,
Herodotus,0,0,25,0,0,0,2,0,2,0,2,3,9,,,,
Hesiod,2,0,1,31,4,2,0,0,0,0,0,0,9,,,,
HomerIl,0,0,0,0,39,1,0,0,0,0,0,0,1,,,,
HomerOd,0,0,0,0,5,38,0,0,0,0,0,0,5,,,,
Lysias,0,0,5,0,0,0,22,0,0,0,4,4,13,,,,
Plutarch,0,1,1,0,0,0,0,23,5,0,3,0,10,,,,
Polybius,0,2,0,0,0,0,0,3,29,0,0,0,5,,,,
Sophocles,5,0,0,1,0,0,0,0,0,36,0,0,6,,,,
Thucydides,0,1,12,0,0,0,3,1,4,0,22,3,24,,,,
Xenophon,0,1,2,0,0,0,6,3,4,0,0,18,16,,,,
-SUM-,7,5,22,1,10,3,11,8,30,5,9,10,121,,,,
Aeschylus,30,0,0,0,1,0,0,0,0,6,0,0,7,,,,
Diodorus,0,25,0,0,0,0,0,0,9,0,1,0,10,,,,
Herodotus,0,1,28,0,0,0,3,1,2,0,2,1,10,,,,
Hesiod,3,0,0,26,5,4,0,0,0,2,0,0,14,,,,
HomerIl,0,0,0,0,39,9,0,0,0,0,0,0,9,,,,
HomerOd,1,0,0,0,6,48,0,0,0,0,0,0,7,,,,
Lysias,0,0,5,0,0,0,21,1,2,0,4,3,15,,,,
Plutarch,0,1,2,0,0,0,1,17,2,0,4,2,12,,,,
Polybius,0,3,1,0,0,0,0,2,26,0,1,1,8,,,,
Sophocles,2,0,0,0,2,0,0,0,0,34,0,0,4,,,,
Thucydides,0,1,4,0,0,0,5,1,3,0,28,0,14,,,,
Xenophon,0,3,5,0,0,0,3,1,1,0,2,13,15,,,,
-SUM-,6,9,17,0,14,13,12,6,19,8,14,7,125,,,,
Aeschylus,36,0,0,0,2,0,0,0,0,3,0,0,5,,,,
Diodorus,0,25,0,0,0,0,0,0,9,0,0,0,9,,,,
Herodotus,0,1,22,0,0,0,2,0,0,0,6,2,11,,,,
Hesiod,3,0,0,25,6,4,0,0,0,0,0,0,13,,,,
HomerIl,0,0,0,0,38,1,0,0,0,0,0,0,1,,,,
HomerOd,0,0,0,0,3,34,0,0,0,0,0,0,3,,,,
Lysias,0,0,5,0,0,0,30,0,0,0,4,3,12,,,,
Plutarch,0,6,0,0,0,0,1,24,4,0,3,3,17,,,,
Polybius,0,2,2,0,0,0,0,0,27,0,4,1,9,,,,
Sophocles,3,0,0,0,1,0,0,0,0,38,0,0,4,,,,
Thucydides,0,2,7,0,0,0,3,1,4,0,22,0,17,,,,
Xenophon,0,3,3,0,0,0,6,1,7,0,5,13,25,,,,
-SUM-,6,14,17,0,12,5,12,2,24,3,22,9,126,,,,
Aeschylus,37,0,0,0,0,0,0,0,0,6,0,0,6,,,,
Diodorus,0,21,1,0,0,0,0,2,9,0,1,1,14,,,,
Herodotus,0,2,29,0,0,0,3,1,3,0,2,1,12,,,,
Hesiod,1,0,0,23,7,5,0,0,0,1,0,0,14,,,,
HomerIl,0,0,0,0,33,2,0,0,0,0,0,0,2,,,,
HomerOd,0,0,0,1,4,34,0,0,0,0,0,0,5,,,,
Lysias,0,0,7,0,0,0,22,0,4,0,4,1,16,,,,
Plutarch,0,4,1,0,0,0,1,14,11,0,1,1,19,,,,
Polybius,0,3,1,0,0,0,0,2,33,0,0,1,7,,,,
Sophocles,2,0,0,0,1,0,0,0,0,42,0,0,3,,,,
Thucydides,0,1,5,0,0,0,2,3,5,0,20,1,17,,,,
Xenophon,0,4,6,0,0,0,5,2,1,0,1,18,19,,,,
-SUM-,3,14,21,1,12,7,11,10,33,7,9,6,134,,,,
Aeschylus,33,0,0,1,0,0,0,0,0,7,0,0,8,,,,
Diodorus,0,28,0,0,0,0,0,0,9,0,1,0,10,,,,
Herodotus,1,3,24,0,0,0,5,1,2,0,0,1,13,,,,
Hesiod,0,0,0,24,2,2,0,0,0,1,0,0,5,,,,
HomerIl,0,0,0,0,38,4,0,0,0,0,0,0,4,,,,
HomerOd,0,0,0,0,5,34,0,0,0,0,0,0,5,,,,
Lysias,0,0,4,0,0,0,26,0,3,0,3,3,13,,,,
Plutarch,0,3,4,0,0,0,1,22,10,0,5,0,23,,,,
Polybius,0,2,0,0,0,0,0,3,41,0,0,0,5,,,,
Sophocles,1,0,0,0,0,0,0,0,0,32,0,0,1,,,,
Thucydides,0,3,3,0,0,0,1,2,4,0,21,2,15,,,,
Xenophon,0,2,5,0,0,0,3,2,4,0,3,16,19,,,,
-SUM-,2,13,16,1,7,6,10,8,32,8,12,6,121,,,,
Aeschylus,33,0,0,0,0,0,0,0,0,3,0,0,3,,,,
Diodorus,0,28,0,0,0,0,0,0,9,0,1,0,10,,,,
Herodotus,0,3,27,0,0,0,3,0,0,0,3,6,15,,,,
Hesiod,1,0,0,29,3,2,0,0,0,0,0,0,6,,,,
HomerIl,1,0,0,1,34,2,0,0,0,0,0,0,4,,,,
HomerOd,1,0,0,1,4,35,0,0,0,0,0,0,6,,,,
Lysias,0,0,4,0,0,0,21,0,1,0,3,1,9,,,,
Plutarch,0,2,2,0,0,0,0,24,8,0,0,1,13,,,,
Polybius,0,3,1,0,0,0,0,1,40,0,0,0,5,,,,
Sophocles,4,0,0,0,0,0,0,0,0,36,0,0,4,,,,
Thucydides,0,1,10,0,0,0,3,1,5,0,13,1,21,,,,
Xenophon,0,2,4,0,0,0,6,0,3,0,5,24,20,,,,
-SUM-,7,11,21,2,7,4,12,2,26,3,12,9,116,,,,
Aeschylus,35,0,0,0,0,0,0,0,0,2,0,0,2,,,,
Diodorus,0,24,0,0,0,0,0,0,9,0,0,0,9,,,,
Herodotus,0,2,26,0,0,0,0,1,1,0,4,1,9,,,,
Hesiod,1,0,0,24,4,3,0,0,0,0,0,0,8,,,,
HomerIl,0,0,0,0,40,6,0,0,0,0,0,0,6,,,,
HomerOd,0,0,0,0,6,34,0,0,0,0,0,0,6,,,,
Lysias,0,0,5,0,0,0,24,0,2,0,7,3,17,,,,
Plutarch,0,6,1,0,0,0,0,27,4,0,4,0,15,,,,
Polybius,0,3,0,0,0,0,1,1,32,0,1,0,6,,,,
Sophocles,6,0,0,0,1,1,0,0,0,35,0,0,8,,,,
Thucydides,0,0,5,0,0,0,1,1,1,0,19,1,9,,,,
Xenophon,0,4,7,0,0,0,6,1,5,0,5,17,28,,,,
-SUM-,7,15,18,0,11,10,8,4,22,2,21,5,123,,,,
Aeschylus,40,0,0,0,1,0,0,0,0,4,0,0,5,,,,
Diodorus,0,25,1,0,0,0,0,2,14,0,0,0,17,,,,
Herodotus,0,3,27,0,0,0,3,0,1,0,2,3,12,,,,
Hesiod,2,0,0,26,5,3,0,0,0,0,0,0,10,,,,
HomerIl,0,0,0,1,41,5,0,0,0,0,0,0,6,,,,
HomerOd,1,0,0,1,3,29,0,0,0,0,0,0,5,,,,
Lysias,0,0,7,0,0,0,22,1,1,0,2,8,19,,,,
Plutarch,0,1,5,0,0,0,0,23,5,0,3,2,16,,,,
Polybius,0,4,0,0,0,0,0,1,27,0,0,1,6,,,,
Sophocles,3,0,0,0,1,0,0,0,0,25,0,0,4,,,,
Thucydides,0,0,2,0,0,0,5,2,5,0,15,4,18,,,,
Xenophon,0,2,7,0,0,0,3,3,2,0,4,21,21,,,,
-SUM-,6,10,22,2,10,8,11,9,28,4,11,18,139,,,,
Aeschylus,40,0,0,0,0,0,0,0,0,3,0,0,3,,,,
Diodorus,0,25,0,0,0,0,0,1,8,0,0,1,10,,,,
Herodotus,0,1,26,0,0,0,1,2,3,0,5,0,12,,,,
Hesiod,4,0,0,20,2,1,0,0,0,1,0,0,8,,,,
HomerIl,0,0,0,0,36,5,0,0,0,0,0,0,5,,,,
HomerOd,0,0,0,0,7,35,0,0,0,0,0,0,7,,,,
Lysias,0,0,4,0,0,0,21,0,3,0,4,1,12,,,,
Plutarch,0,0,1,0,0,0,1,21,7,0,0,0,9,,,,
Polybius,0,3,2,0,0,0,0,2,44,0,0,0,7,,,,
Sophocles,5,0,0,0,1,0,0,0,0,29,0,0,6,,,,
Thucydides,0,2,5,0,0,0,4,2,4,0,22,1,18,,,,
Xenophon,0,0,6,0,0,0,8,1,6,0,3,20,24,,,,
-SUM-,9,6,18,0,10,6,14,8,31,4,12,3,121,,,,
Aeschylus,34,0,0,1,0,0,0,0,0,3,0,0,4,,,,
Diodorus,0,22,1,0,0,0,0,0,13,0,1,0,15,,,,
Herodotus,0,1,28,0,0,0,2,1,0,0,0,1,5,,,,
Hesiod,3,0,0,25,5,2,0,0,0,1,0,0,11,,,,
HomerIl,0,0,0,0,29,5,0,0,0,0,0,0,5,,,,
HomerOd,0,0,0,1,3,37,0,0,0,0,0,0,4,,,,
Lysias,0,0,3,0,0,0,25,0,3,0,5,2,13,,,,
Plutarch,0,0,2,0,0,0,0,25,7,0,2,2,13,,,,
Polybius,0,4,1,0,0,0,0,0,32,0,2,0,7,,,,
Sophocles,5,0,0,0,0,0,0,0,0,34,0,0,5,,,,
Thucydides,0,0,4,0,0,0,2,2,3,0,25,1,12,,,,
Xenophon,0,3,4,0,0,0,3,3,6,0,7,24,26,,,,
-SUM-,8,8,15,2,8,7,7,6,32,4,17,6,120,,,,
Aeschylus,34,0,0,0,0,0,0,0,0,4,0,0,4,,,,
Diodorus,0,26,1,0,0,0,0,0,11,0,0,2,14,,,,
Herodotus,0,0,23,0,0,0,2,1,0,0,3,2,8,,,,
Hesiod,1,0,0,32,3,2,0,0,0,1,0,0,7,,,,
HomerIl,0,0,0,2,44,2,0,0,0,0,0,0,4,,,,
HomerOd,0,0,0,0,6,24,0,0,0,0,0,0,6,,,,
Lysias,0,0,2,0,0,0,26,1,2,0,5,1,11,,,,
Plutarch,0,3,0,0,0,0,0,24,12,0,3,2,20,,,,
Polybius,0,3,3,0,0,0,0,0,30,0,0,0,6,,,,
Sophocles,4,0,0,0,0,0,0,0,0,42,0,0,4,,,,
Thucydides,0,1,5,0,0,0,3,1,1,0,23,1,12,,,,
Xenophon,0,2,1,0,0,0,5,3,5,0,2,18,18,,,,
-SUM-,5,9,12,2,9,4,10,6,31,5,13,8,114,,,,
Aeschylus,35,0,0,0,0,0,0,0,0,8,0,0,8,,,,
Diodorus,0,26,0,0,0,0,0,2,13,0,0,0,15,,,,
Herodotus,0,1,31,0,0,0,2,2,3,0,5,0,13,,,,
Hesiod,1,0,0,20,8,1,0,0,0,1,0,0,11,,,,
HomerIl,0,0,0,1,33,0,0,0,0,0,0,0,1,,,,
HomerOd,0,0,0,0,5,34,0,0,0,0,0,0,5,,,,
Lysias,0,0,5,0,0,0,23,0,2,0,7,3,17,,,,
Plutarch,0,1,1,0,0,0,1,20,4,0,2,3,12,,,,
Polybius,0,3,0,0,0,0,1,0,43,0,0,1,5,,,,
Sophocles,0,0,0,0,0,1,0,0,0,35,0,0,1,,,,
Thucydides,0,0,4,0,0,0,1,3,0,0,20,1,9,,,,
Xenophon,0,1,7,0,0,0,5,1,2,0,7,20,23,,,,
-SUM-,1,6,17,1,13,2,10,8,24,9,21,8,120,,,,
Aeschylus,34,0,0,1,0,0,0,0,0,6,0,0,7,,,,
Diodorus,0,20,0,0,0,0,0,2,12,0,1,0,15,,,,
Herodotus,1,1,26,0,0,0,1,0,0,0,0,0,3,,,,
Hesiod,2,0,0,33,4,1,0,0,0,0,0,0,7,,,,
HomerIl,0,0,0,0,41,1,0,0,0,0,0,0,1,,,,
HomerOd,0,0,0,0,7,36,0,0,0,0,0,0,7,,,,
Lysias,0,1,6,0,0,0,29,1,3,0,3,4,18,,,,
Plutarch,0,2,5,0,0,0,1,20,10,0,3,1,22,,,,
Polybius,0,1,0,0,0,0,0,1,31,0,0,0,2,,,,
Sophocles,4,0,0,0,0,0,0,0,0,42,0,0,4,,,,
Thucydides,0,0,1,0,0,0,2,2,5,0,15,2,12,,,,
Xenophon,0,1,7,0,0,0,2,1,3,0,5,16,19,,,,
-SUM-,7,6,19,1,11,2,6,7,33,6,12,7,117,,,,
Aeschylus,31,0,0,0,1,0,0,0,0,4,0,0,5,,,,
Diodorus,0,27,2,0,0,0,0,1,10,0,1,0,14,,,,
Herodotus,0,0,25,0,0,0,1,1,1,0,3,3,9,,,,
Hesiod,4,0,0,26,7,1,0,0,0,1,0,0,13,,,,
HomerIl,0,0,0,0,50,5,0,0,0,0,0,0,5,,,,
HomerOd,1,0,0,0,6,37,0,0,0,0,0,0,7,,,,
Lysias,0,0,2,0,0,0,21,0,3,0,1,3,9,,,,
Plutarch,0,0,4,0,0,0,1,21,9,0,2,0,16,,,,
Polybius,0,3,0,0,0,0,0,0,34,0,0,1,4,,,,
Sophocles,3,0,0,0,0,0,0,0,0,29,0,0,3,,,,
Thucydides,0,1,7,0,0,0,2,1,1,0,20,4,16,,,,
Xenophon,0,3,3,0,0,0,8,5,5,0,3,11,27,,,,
-SUM-,8,7,18,0,14,6,12,8,29,5,10,11,128,,,,
Aeschylus,36,0,0,1,0,1,0,0,0,2,0,0,4,,,,
Diodorus,0,20,1,0,0,0,0,2,11,0,0,1,15,,,,
Herodotus,0,0,22,0,0,0,1,0,4,0,7,2,14,,,,
Hesiod,2,0,0,24,4,1,0,0,0,0,0,0,7,,,,
HomerIl,0,0,0,0,34,4,0,0,0,0,0,0,4,,,,
HomerOd,0,0,0,1,4,41,0,0,0,0,0,0,5,,,,
Lysias,0,0,2,0,0,0,20,0,1,0,3,2,8,,,,
Plutarch,0,2,2,0,0,0,1,17,5,0,3,2,15,,,,
Polybius,0,4,0,0,0,0,1,0,37,0,0,0,5,,,,
Sophocles,3,0,0,1,0,0,1,0,0,42,0,0,5,,,,
Thucydides,0,3,3,0,0,0,2,3,6,0,23,2,19,,,,
Xenophon,0,4,6,0,0,0,6,0,3,0,3,21,22,,,,
-SUM-,5,13,14,3,8,6,12,5,30,2,16,9,123,,,,
Aeschylus,29,0,0,0,0,1,0,0,0,7,0,0,8,,,,
Diodorus,0,20,1,0,0,0,0,0,10,0,0,1,12,,,,
Herodotus,0,3,24,0,0,0,3,2,1,0,3,5,17,,,,
Hesiod,0,0,1,26,6,4,0,0,0,0,0,0,11,,,,
HomerIl,0,0,0,0,47,4,0,0,0,0,0,0,4,,,,
HomerOd,0,0,0,0,8,37,0,0,0,0,0,0,8,,,,
Lysias,0,0,2,0,0,0,23,0,1,0,3,3,9,,,,
Plutarch,0,4,1,0,0,0,1,19,6,0,1,1,14,,,,
Polybius,0,5,1,0,0,0,1,2,27,0,0,0,9,,,,
Sophocles,2,0,0,0,0,0,0,0,0,41,0,0,2,,,,
Thucydides,0,0,13,0,0,0,3,2,5,0,14,0,23,,,,
Xenophon,0,2,6,0,0,0,2,3,6,0,3,14,22,,,,
-SUM-,2,14,25,0,14,9,10,9,29,7,10,10,139,,,,
Aeschylus,39,0,0,0,0,0,0,0,0,3,0,0,3,,,,
Diodorus,0,22,1,0,0,0,0,2,7,0,1,0,11,,,,
Herodotus,0,1,25,0,0,0,1,0,1,0,6,3,12,,,,
Hesiod,1,0,0,24,5,0,0,0,0,0,0,0,6,,,,
HomerIl,0,0,0,0,45,2,0,0,0,0,0,0,2,,,,
HomerOd,0,0,0,0,6,53,0,0,0,0,0,0,6,,,,
Lysias,0,0,2,0,0,0,19,0,4,0,4,1,11,,,,
Plutarch,0,0,4,0,0,0,1,13,4,0,1,2,12,,,,
Polybius,0,6,0,0,0,0,0,1,41,0,0,0,7,,,,
Sophocles,3,0,0,0,1,0,0,0,0,29,0,0,4,,,,
Thucydides,0,1,7,0,0,0,2,4,4,0,20,2,20,,,,
Xenophon,0,1,5,0,0,0,1,1,4,0,2,22,14,,,,
-SUM-,4,9,19,0,12,2,5,8,24,3,14,8,108,,,,
Aeschylus,34,0,0,0,0,0,0,0,0,2,0,0,2,,,,
Diodorus,0,19,0,0,0,0,1,1,10,0,1,0,13,,,,
Herodotus,0,1,29,0,0,0,2,0,3,0,5,2,13,,,,
Hesiod,1,0,0,27,1,1,0,0,0,1,0,0,4,,,,
HomerIl,0,0,0,0,31,6,0,0,0,0,0,0,6,,,,
HomerOd,0,0,0,2,6,37,0,0,0,0,0,0,8,,,,
Lysias,0,0,5,0,0,0,21,1,3,0,2,2,13,,,,
Plutarch,0,1,4,0,0,0,0,17,8,0,2,1,16,,,,
Polybius,1,1,0,0,0,0,0,3,38,0,0,1,6,,,,
Sophocles,7,0,0,1,0,0,0,0,0,40,0,0,8,,,,
Thucydides,0,1,4,0,0,0,4,4,5,0,19,2,20,,,,
Xenophon,0,3,10,0,0,0,3,1,4,0,3,15,24,,,,
-SUM-,9,7,23,3,7,7,10,10,33,3,13,8,133,,,,
Aeschylus,34,0,0,0,0,0,0,0,0,6,0,0,6,,,,
Diodorus,0,24,1,0,0,0,0,3,10,0,2,0,16,,,,
Herodotus,0,0,22,0,0,0,3,1,4,0,3,2,13,,,,
Hesiod,2,0,0,30,2,4,0,0,0,2,0,0,10,,,,
HomerIl,0,0,0,0,42,0,0,0,0,0,0,0,0,,,,
HomerOd,0,0,0,0,6,32,0,0,0,0,0,0,6,,,,
Lysias,0,1,6,0,0,0,19,0,2,0,2,1,12,,,,
Plutarch,0,2,3,0,0,0,0,18,7,0,2,3,17,,,,
Polybius,0,2,1,0,0,0,0,1,30,0,0,0,4,,,,
Sophocles,4,0,0,0,0,0,0,0,0,38,0,0,4,,,,
Thucydides,0,0,4,0,0,0,7,3,4,0,21,2,20,,,,
Xenophon,0,2,6,0,0,0,5,4,2,0,6,17,25,,,,
-SUM-,6,7,21,0,8,4,15,12,29,8,15,8,133,,,,
Aeschylus,38,0,0,0,0,1,0,0,0,0,0,0,1,,,,
Diodorus,0,26,0,0,0,0,0,0,16,0,1,0,17,,,,
Herodotus,0,1,23,0,0,0,1,1,1,0,8,3,15,,,,
Hesiod,0,0,1,25,7,3,0,0,0,1,0,0,12,,,,
HomerIl,0,0,0,0,33,2,0,0,0,0,0,0,2,,,,
HomerOd,1,0,0,1,7,31,0,0,0,0,0,0,9,,,,
Lysias,0,0,4,0,0,0,27,0,1,0,2,0,7,,,,
Plutarch,0,0,2,0,0,0,1,19,8,0,3,2,16,,,,
Polybius,0,6,2,0,0,0,0,1,35,0,0,0,9,,,,
Sophocles,1,0,0,0,0,1,0,0,0,33,0,0,2,,,,
Thucydides,0,2,6,0,0,0,1,4,4,0,25,2,19,,,,
Xenophon,0,4,4,0,0,0,3,0,3,0,5,17,19,,,,
-SUM-,2,13,19,1,14,7,6,6,33,1,19,7,128,,,,
Aeschylus,27,0,0,0,0,0,0,0,0,1,0,0,1,,,,
Diodorus,0,19,0,0,0,0,0,1,12,0,0,1,14,,,,
Herodotus,0,0,32,0,0,0,0,1,2,0,4,2,9,,,,
Hesiod,3,0,0,24,5,4,0,0,0,3,0,0,15,,,,
HomerIl,0,0,0,0,34,3,0,0,0,0,0,0,3,,,,
HomerOd,1,0,0,0,5,38,0,0,0,0,0,0,6,,,,
Lysias,0,0,2,0,0,0,23,0,1,0,4,5,12,,,,
Plutarch,0,2,4,0,0,0,1,20,5,0,0,3,15,,,,
Polybius,0,4,0,0,0,0,0,1,35,0,0,0,5,,,,
Sophocles,4,0,0,0,3,0,0,0,0,40,0,0,7,,,,
Thucydides,0,1,8,0,0,0,5,2,6,0,18,2,24,,,,
Xenophon,0,2,4,0,0,0,3,1,5,0,5,19,20,,,,
-SUM-,8,9,18,0,13,7,9,6,31,4,13,13,131,,,,
Aeschylus,36,0,0,1,0,0,0,0,0,3,0,0,4,,,,
Diodorus,0,29,1,0,0,0,0,1,8,0,1,0,11,,,,
Herodotus,0,1,24,0,0,0,2,3,0,0,2,2,10,,,,
Hesiod,5,0,0,27,4,2,0,0,0,1,0,0,12,,,,
HomerIl,0,0,0,1,55,1,0,0,0,0,0,0,2,,,,
HomerOd,0,0,0,0,1,28,0,0,0,0,0,0,1,,,,
Lysias,0,0,5,0,0,0,22,0,2,0,5,2,14,,,,
Plutarch,0,2,2,0,0,0,0,21,11,0,2,1,18,,,,
Polybius,0,1,0,0,0,0,0,0,31,0,2,0,3,,,,
Sophocles,7,0,0,1,1,0,0,0,0,23,0,0,9,,,,
Thucydides,0,1,9,0,0,0,3,1,4,0,16,0,18,,,,
Xenophon,0,2,4,0,0,0,4,1,3,0,3,29,17,,,,
-SUM-,12,7,21,3,6,3,9,6,28,4,15,5,119,,,,
Aeschylus,29,0,0,0,0,0,0,0,0,4,0,0,4,,,,
Diodorus,0,26,0,0,0,0,0,1,12,0,0,0,13,,,,
Herodotus,1,2,29,0,0,0,2,1,2,0,5,3,16,,,,
Hesiod,4,0,0,28,1,0,0,0,0,1,0,0,6,,,,
HomerIl,0,0,0,1,36,2,0,0,0,0,0,0,3,,,,
HomerOd,1,0,0,0,6,41,0,0,0,0,0,0,7,,,,
Lysias,0,0,4,0,0,0,25,0,1,0,2,1,8,,,,
Plutarch,0,2,1,0,0,0,1,22,5,0,5,2,16,,,,
Polybius,0,2,0,0,0,0,0,2,35,0,0,0,4,,,,
Sophocles,5,0,0,0,0,0,0,0,0,36,0,0,5,,,,
Thucydides,0,0,5,0,0,0,1,3,2,0,20,3,14,,,,
Xenophon,0,3,4,0,0,0,6,1,3,0,3,17,20,,,,
-SUM-,11,9,14,1,7,2,10,8,25,5,15,9,116,,,,
Aeschylus,34,0,0,0,0,0,0,0,0,4,0,0,4,,,,
Diodorus,0,26,1,0,0,0,0,1,13,0,0,0,15,,,,
Herodotus,0,0,24,0,0,0,4,1,1,0,3,2,11,,,,
Hesiod,1,0,0,23,4,2,0,0,0,1,0,0,8,,,,
HomerIl,0,0,0,1,41,1,0,0,0,0,0,0,2,,,,
HomerOd,0,0,0,0,2,35,0,0,0,0,0,0,2,,,,
Lysias,0,0,6,0,0,0,25,1,1,0,2,1,11,,,,
Plutarch,0,3,1,0,0,0,0,24,6,0,5,0,15,,,,
Polybius,0,3,1,0,0,0,0,1,39,0,1,0,6,,,,
Sophocles,7,0,0,0,0,1,0,0,0,32,0,0,8,,,,
Thucydides,0,1,8,0,0,0,3,2,4,0,23,3,21,,,,
Xenophon,0,3,3,0,0,0,6,1,3,0,3,12,19,,,,
-SUM-,8,10,20,1,6,4,13,7,28,5,14,6,122,,,,
Aeschylus,26,0,0,0,0,0,0,0,0,2,0,0,2,,,,
Diodorus,0,22,0,0,0,0,0,0,12,0,1,0,13,,,,
Herodotus,0,2,20,0,0,0,1,3,3,0,4,2,15,,,,
Hesiod,1,0,0,29,5,2,0,0,0,1,0,0,9,,,,
HomerIl,0,0,0,0,46,1,0,0,0,0,0,0,1,,,,
HomerOd,0,0,0,0,6,35,0,0,0,0,0,0,6,,,,
Lysias,0,0,4,0,0,0,29,1,1,0,1,1,8,,,,
Plutarch,0,1,2,0,0,0,2,18,8,0,2,2,17,,,,
Polybius,0,0,1,0,0,0,0,2,44,0,0,1,4,,,,
Sophocles,6,0,0,0,0,0,0,0,0,31,0,0,6,,,,
Thucydides,0,3,3,0,0,0,6,6,7,0,13,2,27,,,,
Xenophon,0,2,9,0,0,0,3,1,3,0,8,13,26,,,,
-SUM-,7,8,19,0,11,3,12,13,34,3,16,8,134,,,,
Aeschylus,37,0,0,0,0,0,0,0,0,6,0,0,6,,,,
Diodorus,0,28,1,0,0,0,0,1,11,0,0,0,13,,,,
Herodotus,0,0,33,0,0,0,4,1,0,0,3,3,11,,,,
Hesiod,1,0,0,29,3,3,0,0,0,1,0,0,8,,,,
HomerIl,0,0,0,1,32,3,0,0,0,0,0,0,4,,,,
HomerOd,0,0,0,0,6,33,0,0,0,0,0,0,6,,,,
Lysias,0,0,8,0,0,0,18,0,2,0,3,3,16,,,,
Plutarch,0,0,6,0,0,0,1,20,8,0,3,2,20,,,,
Polybius,0,3,0,0,0,0,0,0,25,0,0,0,3,,,,
Sophocles,7,0,0,1,3,0,0,0,0,32,0,0,11,,,,
Thucydides,0,4,3,0,0,0,1,5,5,0,9,3,21,,,,
Xenophon,0,1,7,0,0,0,7,1,3,0,8,18,27,,,,
-SUM-,8,8,25,2,12,6,13,8,29,7,17,11,146,,,,
Aeschylus,30,0,0,0,0,0,0,0,0,5,0,0,5,,,,
Diodorus,0,20,1,0,0,0,0,1,12,0,1,0,15,,,,
Herodotus,0,0,33,0,0,0,0,1,1,0,2,1,5,,,,
Hesiod,0,0,0,38,7,1,0,0,0,3,0,0,11,,,,
HomerIl,0,0,0,0,34,2,0,0,0,0,0,0,2,,,,
HomerOd,0,0,0,1,5,25,0,0,0,0,0,0,6,,,,
Lysias,0,0,4,0,0,0,21,0,0,0,2,0,6,,,,
Plutarch,0,2,3,0,0,0,2,22,11,0,1,1,20,,,,
Polybius,0,5,1,0,0,0,0,1,35,0,0,0,7,,,,
Sophocles,3,0,0,0,0,1,0,0,0,46,0,0,4,,,,
Thucydides,0,1,4,0,0,0,4,3,7,0,23,3,22,,,,
Xenophon,0,1,5,0,0,0,4,2,4,0,4,10,20,,,,
-SUM-,3,9,18,1,12,4,10,8,35,8,10,5,123,,,,
Aeschylus,38,0,0,0,0,0,0,0,0,4,0,0,4,,,,
Diodorus,0,24,0,0,0,0,0,3,7,0,0,0,10,,,,
Herodotus,0,0,25,0,0,0,1,1,0,0,5,6,13,,,,
Hesiod,0,0,0,35,1,1,0,0,0,1,0,0,3,,,,
HomerIl,0,0,0,0,45,2,0,0,0,0,0,0,2,,,,
HomerOd,0,0,0,0,2,44,0,0,0,0,0,0,2,,,,
Lysias,0,1,7,0,0,0,34,0,0,0,2,1,11,,,,
Plutarch,0,2,3,0,0,0,2,16,5,0,3,1,16,,,,
Polybius,0,4,1,0,0,0,0,1,24,0,0,1,7,,,,
Sophocles,2,0,0,0,3,0,0,0,0,27,0,0,5,,,,
Thucydides,0,1,5,0,0,0,4,1,1,0,20,2,14,,,,
Xenophon,0,5,5,0,0,0,6,1,3,0,5,16,25,,,,
-SUM-,2,13,21,0,6,3,13,7,16,5,15,11,112,,,,
Aeschylus,34,0,0,0,0,0,0,0,0,6,0,0,6,,,,
Diodorus,0,24,0,0,0,0,0,0,11,0,4,0,15,,,,
Herodotus,0,1,22,0,0,0,1,1,1,0,6,2,12,,,,
Hesiod,0,0,0,26,3,3,0,0,0,1,0,0,7,,,,
HomerIl,0,0,0,2,33,0,0,0,0,0,0,0,2,,,,
HomerOd,0,0,0,0,3,38,0,0,0,0,0,0,3,,,,
Lysias,0,0,1,0,0,0,29,0,2,0,3,5,11,,,,
Plutarch,0,1,1,0,0,0,1,19,7,0,5,3,18,,,,
Polybius,0,8,1,0,0,0,2,2,32,0,0,0,13,,,,
Sophocles,2,0,0,0,1,2,0,0,0,27,0,0,5,,,,
Thucydides,0,3,4,0,0,0,4,3,5,0,22,1,20,,,,
Xenophon,0,3,3,0,0,0,5,1,3,0,2,25,17,,,,
-SUM-,2,16,10,2,7,5,13,7,29,7,20,11,129,,,,
Aeschylus,30,0,0,0,0,0,0,0,0,3,0,0,3,,,,
Diodorus,0,23,1,0,0,0,1,0,12,0,1,1,16,,,,
Herodotus,1,1,23,0,0,0,1,0,1,0,3,1,8,,,,
Hesiod,2,0,0,24,6,2,0,0,0,2,0,0,12,,,,
HomerIl,0,0,0,0,40,3,0,0,0,0,0,0,3,,,,
HomerOd,0,0,0,0,6,50,0,0,0,0,0,0,6,,,,
Lysias,0,0,4,0,0,0,25,0,1,0,6,1,12,,,,
Plutarch,0,2,1,0,0,0,0,22,8,0,3,1,15,,,,
Polybius,0,2,1,0,0,0,0,0,41,0,0,0,3,,,,
Sophocles,6,0,0,0,1,1,0,0,0,32,0,0,8,,,,
Thucydides,0,1,9,0,0,0,3,1,2,0,19,3,19,,,,
Xenophon,0,1,4,0,0,0,3,0,5,0,1,12,14,,,,
-SUM-,9,7,20,0,13,6,8,1,29,5,14,7,119,,,,
Aeschylus,43,0,0,0,0,0,0,0,0,3,0,0,3,,,,
Diodorus,0,16,1,0,0,0,0,0,12,0,0,0,13,,,,
Herodotus,0,2,23,0,0,0,2,1,1,0,6,3,15,,,,
Hesiod,0,0,0,19,2,2,0,0,0,0,0,0,4,,,,
HomerIl,0,0,0,0,39,0,0,0,0,0,0,0,0,,,,
HomerOd,0,0,0,0,6,43,0,0,0,0,0,0,6,,,,
Lysias,0,0,2,0,0,0,30,0,2,0,3,0,7,,,,
Plutarch,0,1,3,0,0,0,0,24,7,0,5,1,17,,,,
Polybius,0,4,0,0,0,0,0,0,47,0,1,0,5,,,,
Sophocles,4,0,0,1,2,0,0,0,0,36,0,0,7,,,,
Thucydides,0,0,3,0,0,0,2,0,2,0,19,2,9,,,,
Xenophon,0,5,1,0,0,0,6,0,3,0,2,18,17,,,,
-SUM-,4,12,10,1,10,2,10,1,27,3,17,6,103,,,,
Aeschylus,31,0,0,0,1,0,0,0,0,4,0,0,5,,,,
Diodorus,0,26,0,0,0,0,0,0,14,0,1,0,15,,,,
Herodotus,0,1,25,0,0,0,0,0,2,0,4,3,10,,,,
Hesiod,1,0,0,26,2,2,0,0,0,1,0,0,6,,,,
HomerIl,0,0,0,2,31,1,0,0,0,0,0,0,3,,,,
HomerOd,0,0,0,0,4,42,0,0,0,0,0,0,4,,,,
Lysias,0,0,8,0,0,0,25,0,2,0,2,3,15,,,,
Plutarch,0,1,2,0,0,0,0,19,12,0,2,1,18,,,,
Polybius,0,3,1,0,0,0,0,1,36,0,3,0,8,,,,
Sophocles,2,0,0,0,1,0,0,0,1,36,0,0,4,,,,
Thucydides,0,0,7,0,0,0,1,4,1,0,17,1,14,,,,
Xenophon,0,1,3,0,0,0,7,2,6,0,4,21,23,,,,
-SUM-,3,6,21,2,8,3,8,7,38,5,16,8,125,,,,
Aeschylus,43,0,0,0,0,0,0,0,0,4,0,0,4,,,,
Diodorus,0,18,0,0,0,0,0,3,12,0,1,0,16,,,,
Herodotus,0,3,24,0,0,0,1,0,2,0,3,2,11,,,,
Hesiod,0,0,1,31,4,2,0,0,0,0,0,0,7,,,,
HomerIl,0,0,0,0,32,3,0,0,0,0,0,0,3,,,,
HomerOd,0,0,0,0,5,32,0,0,0,0,0,0,5,,,,
Lysias,0,0,1,0,0,0,39,0,2,0,3,2,8,,,,
Plutarch,0,3,5,0,0,0,3,18,6,0,6,3,26,,,,
Polybius,0,1,1,0,0,0,0,2,34,0,0,0,4,,,,
Sophocles,4,0,0,1,2,0,0,0,0,34,0,0,7,,,,
Thucydides,0,3,7,0,0,0,5,3,4,0,13,0,22,,,,
Xenophon,0,3,5,0,0,0,2,1,1,0,2,15,14,,,,
-SUM-,4,13,20,1,11,5,11,9,27,4,15,7,127,,,,
Aeschylus,33,0,0,0,1,1,0,0,0,3,0,0,5,,,,
Diodorus,0,26,1,0,0,0,0,1,9,0,1,0,12,,,,
Herodotus,0,1,28,0,0,0,0,1,1,0,4,1,8,,,,
Hesiod,4,0,0,28,7,5,0,0,0,0,0,0,16,,,,
HomerIl,0,0,0,1,42,1,0,0,0,0,0,0,2,,,,
HomerOd,0,0,0,1,4,39,0,0,0,0,0,0,5,,,,
Lysias,0,0,4,0,0,0,20,1,0,0,3,2,10,,,,
Plutarch,0,3,0,0,0,0,2,19,5,0,0,1,11,,,,
Polybius,0,3,1,0,0,0,1,3,34,0,1,1,10,,,,
Sophocles,4,0,0,1,0,0,0,0,0,32,0,0,5,,,,
Thucydides,0,1,4,0,0,0,6,2,5,0,19,1,19,,,,
Xenophon,0,0,1,0,0,0,6,7,3,0,7,13,24,,,,
-SUM-,8,8,11,3,12,7,15,15,23,3,16,6,127,,,,
Aeschylus,34,0,0,0,0,0,0,0,0,7,0,0,7,,,,
Diodorus,0,19,2,0,0,0,0,0,23,0,0,0,25,,,,
Herodotus,0,1,37,0,0,0,3,1,1,0,6,1,13,,,,
Hesiod,1,0,0,26,7,4,0,0,0,1,0,0,13,,,,
HomerIl,0,0,0,1,31,4,0,0,0,0,0,0,5,,,,
HomerOd,0,0,0,0,4,29,0,0,0,0,0,0,4,,,,
Lysias,0,0,5,0,0,0,26,1,0,0,3,1,10,,,,
Plutarch,0,0,3,0,0,0,2,16,11,0,2,1,19,,,,
Polybius,0,3,2,0,0,0,1,1,23,0,1,1,9,,,,
Sophocles,7,0,0,0,0,0,0,0,1,36,0,0,8,,,,
Thucydides,0,0,4,0,0,0,1,0,1,0,24,3,9,,,,
Xenophon,0,1,7,0,0,0,5,3,4,0,5,12,25,,,,
-SUM-,8,5,23,1,11,8,12,6,41,8,17,7,147,,,,
Aeschylus,24,0,0,0,0,0,0,0,0,2,0,0,2,,,,
Diodorus,0,24,0,0,0,0,0,0,20,0,0,1,21,,,,
Herodotus,0,1,29,0,0,0,1,0,4,0,1,5,12,,,,
Hesiod,2,0,0,26,7,0,0,0,0,1,0,0,10,,,,
HomerIl,0,0,0,0,30,1,0,0,0,0,0,0,1,,,,
HomerOd,0,0,0,0,7,43,0,0,0,0,0,0,7,,,,
Lysias,0,1,3,0,0,0,25,0,1,0,4,4,13,,,,
Plutarch,0,2,2,0,0,0,0,17,5,0,0,2,11,,,,
Polybius,0,1,0,0,0,0,0,1,43,0,1,1,4,,,,
Sophocles,2,0,0,0,0,0,0,0,0,33,0,0,2,,,,
Thucydides,0,0,4,0,0,0,1,2,4,0,36,1,12,,,,
Xenophon,0,1,6,0,0,0,2,4,4,0,3,15,20,,,,
-SUM-,4,6,15,0,14,1,4,7,38,3,9,14,115,,,,
Aeschylus,21,0,0,0,0,0,0,0,0,1,0,0,1,,,,
Diodorus,0,28,0,0,0,0,0,1,12,0,0,0,13,,,,
Herodotus,0,4,30,0,0,0,1,0,1,0,3,3,12,,,,
Hesiod,2,0,0,20,7,1,0,0,0,0,0,0,10,,,,
HomerIl,0,0,0,0,44,1,0,0,0,0,0,0,1,,,,
HomerOd,0,0,0,0,5,38,0,0,0,0,0,0,5,,,,
Lysias,0,1,3,0,0,0,26,0,1,0,4,4,13,,,,
Plutarch,0,1,1,0,0,0,0,27,9,0,3,3,17,,,,
Polybius,0,1,2,0,0,0,0,5,28,0,1,0,9,,,,
Sophocles,5,0,0,0,0,0,0,0,0,49,0,0,5,,,,
Thucydides,0,2,3,0,0,0,2,0,3,0,17,0,10,,,,
Xenophon,0,1,3,0,0,0,2,2,4,0,6,18,18,,,,
-SUM-,7,10,12,0,12,2,5,8,30,1,17,10,114,,,,
Aeschylus,42,0,0,0,0,0,0,0,0,8,0,0,8,,,,
Diodorus,0,24,1,0,0,0,0,0,12,0,0,0,13,,,,
Herodotus,1,0,30,0,0,0,0,1,2,0,2,3,9,,,,
Hesiod,1,0,0,39,5,2,0,0,0,0,0,0,8,,,,
HomerIl,0,0,0,2,27,4,0,0,0,0,0,0,6,,,,
HomerOd,0,0,0,0,5,28,0,0,0,0,0,0,5,,,,
Lysias,0,0,4,0,0,0,25,0,3,0,2,3,12,,,,
Plutarch,0,4,4,0,0,0,0,20,7,0,5,0,20,,,,
Polybius,0,5,1,0,0,0,0,1,29,0,0,0,7,,,,
Sophocles,3,0,0,0,0,0,0,0,0,30,0,0,3,,,,
Thucydides,0,0,8,0,0,0,1,1,5,0,25,3,18,,,,
Xenophon,0,1,8,0,0,0,3,0,3,0,3,14,18,,,,
-SUM-,5,10,26,2,10,6,4,3,32,8,12,9,127,,,,
Aeschylus,36,0,0,0,0,0,0,0,0,9,0,0,9,,,,
Diodorus,0,26,0,0,0,0,0,3,7,0,0,0,10,,,,
Herodotus,0,2,28,0,0,0,5,0,0,0,2,3,12,,,,
Hesiod,2,0,0,24,2,3,0,0,0,1,0,0,8,,,,
HomerIl,0,0,0,1,38,3,0,0,0,0,0,0,4,,,,
HomerOd,1,0,0,0,11,32,0,0,0,0,0,0,12,,,,
Lysias,0,0,4,0,0,0,26,0,2,0,4,2,12,,,,
Plutarch,0,0,1,0,0,0,2,20,7,0,3,1,14,,,,
Polybius,0,2,0,0,0,0,1,4,34,0,0,0,7,,,,
Sophocles,1,0,0,0,0,0,0,0,0,43,0,0,1,,,,
Thucydides,0,1,10,0,0,0,3,4,2,0,12,2,22,,,,
Xenophon,0,1,4,0,0,0,3,1,3,0,3,15,15,,,,
-SUM-,4,6,19,1,13,6,14,12,21,10,12,8,126,,,,
Aeschylus,34,0,0,1,0,0,0,0,0,3,0,0,4,,,,
Diodorus,0,22,3,0,0,0,0,1,16,0,1,0,21,,,,
Herodotus,1,0,32,0,0,0,4,1,0,0,1,3,10,,,,
Hesiod,1,0,0,21,7,3,0,0,0,1,0,0,12,,,,
HomerIl,0,0,0,0,40,2,0,0,0,0,0,0,2,,,,
HomerOd,0,0,0,1,6,39,0,0,0,0,0,0,7,,,,
Lysias,0,0,4,0,0,0,21,0,2,0,0,1,7,,,,
Plutarch,0,1,6,0,0,0,1,29,7,0,0,2,17,,,,
Polybius,0,0,0,0,0,0,0,1,29,0,3,0,4,,,,
Sophocles,2,0,0,0,0,0,0,0,0,40,0,0,2,,,,
Thucydides,0,3,4,0,0,0,2,0,5,0,16,2,16,,,,
Xenophon,0,0,7,0,0,0,4,1,4,0,3,16,19,,,,
-SUM-,4,4,24,2,13,5,11,4,34,4,8,8,121,,,,
Aeschylus,37,0,0,1,0,0,0,0,0,5,0,0,6,,,,
Diodorus,0,31,1,0,0,0,0,2,6,0,1,0,10,,,,
Herodotus,0,1,27,0,0,0,1,0,0,0,5,4,11,,,,
Hesiod,3,0,0,25,7,4,0,0,0,1,0,0,15,,,,
HomerIl,0,0,0,0,43,2,0,0,0,0,0,0,2,,,,
HomerOd,0,0,0,0,5,33,0,0,0,0,0,0,5,,,,
Lysias,0,0,3,0,0,0,24,1,0,0,6,3,13,,,,
Plutarch,0,0,1,0,0,0,1,23,9,0,2,1,14,,,,
Polybius,0,4,1,0,0,0,0,0,26,0,1,0,6,,,,
Sophocles,5,0,0,0,0,0,0,0,0,35,0,0,5,,,,
Thucydides,0,1,4,0,0,0,3,5,3,0,11,4,20,,,,
Xenophon,0,2,7,0,0,0,3,0,4,0,4,18,20,,,,
-SUM-,8,8,17,1,12,6,8,8,22,6,19,12,127,,,,
Aeschylus,36,0,0,0,1,0,0,0,0,3,0,0,4,,,,
Diodorus,0,23,1,0,0,0,0,1,7,0,0,0,9,,,,
Herodotus,1,3,23,0,0,0,2,2,3,0,4,4,19,,,,
Hesiod,2,0,0,27,4,6,0,0,0,0,0,0,12,,,,
HomerIl,0,0,0,0,37,3,0,0,0,0,0,0,3,,,,
HomerOd,0,0,0,1,7,34,0,0,0,0,0,0,8,,,,
Lysias,0,0,7,0,0,0,19,0,0,0,0,2,9,,,,
Plutarch,0,2,1,0,0,0,0,28,7,0,2,0,12,,,,
Polybius,0,5,0,0,0,0,0,1,39,0,0,0,6,,,,
Sophocles,4,0,0,0,2,0,0,0,0,33,0,0,6,,,,
Thucydides,0,2,3,0,0,0,4,1,5,0,20,1,16,,,,
Xenophon,0,2,7,0,0,0,4,0,4,0,4,16,21,,,,
-SUM-,7,14,19,1,14,9,10,5,26,3,10,7,125,,,,
Aeschylus,34,0,0,1,0,0,0,0,0,1,0,0,2,,,,
Diodorus,0,24,2,0,0,0,0,1,14,0,2,1,20,,,,
Herodotus,0,1,33,0,0,0,0,1,1,0,2,4,9,,,,
Hesiod,3,0,0,16,4,2,0,0,0,1,0,0,10,,,,
HomerIl,0,0,0,0,33,3,0,0,0,0,0,0,3,,,,
HomerOd,0,0,0,2,10,31,0,0,0,0,0,0,12,,,,
Lysias,0,0,4,0,0,0,29,0,3,0,2,2,11,,,,
Plutarch,0,2,1,0,0,0,0,19,10,0,1,1,15,,,,
Polybius,0,2,0,0,0,0,0,4,37,0,0,2,8,,,,
Sophocles,4,0,0,0,0,0,0,0,0,26,0,0,4,,,,
Thucydides,0,2,10,0,0,0,4,0,3,0,20,3,22,,,,
Xenophon,0,4,6,0,0,0,2,2,3,0,5,20,22,,,,
-SUM-,7,11,23,3,14,5,6,8,34,2,12,13,138,,,,
Aeschylus,30,0,0,0,0,0,0,0,0,5,0,0,5,,,,
Diodorus,0,25,0,0,0,0,0,2,11,0,0,2,15,,,,
Herodotus,1,2,27,0,0,0,3,1,0,0,2,3,12,,,,
Hesiod,0,0,0,36,2,3,0,0,0,0,0,0,5,,,,
HomerIl,0,0,0,1,42,1,0,0,0,0,0,0,2,,,,
HomerOd,0,0,0,0,9,31,0,0,0,0,0,0,9,,,,
Lysias,0,1,2,0,0,0,26,0,1,0,2,3,9,,,,
Plutarch,0,2,2,0,0,0,0,21,6,0,1,2,13,,,,
Polybius,0,2,2,0,0,0,1,2,29,0,0,0,7,,,,
Sophocles,4,0,0,0,0,0,0,0,0,33,0,0,4,,,,
Thucydides,0,1,5,0,0,0,1,2,6,0,25,3,18,,,,
Xenophon,0,3,5,0,0,0,5,3,2,0,7,11,25,,,,
-SUM-,5,11,16,1,11,4,10,10,26,5,12,13,124,,,,
Aeschylus,39,0,0,0,0,0,0,0,0,3,0,0,3,,,,
Diodorus,0,20,0,0,0,0,0,1,9,0,1,0,11,,,,
Herodotus,1,1,33,0,0,0,0,1,1,0,3,4,11,,,,
Hesiod,3,0,0,31,4,0,0,0,0,0,0,0,7,,,,
HomerIl,0,0,0,0,36,7,0,0,0,0,0,0,7,,,,
HomerOd,0,0,0,0,5,26,0,0,0,0,0,0,5,,,,
Lysias,0,0,0,0,0,0,31,0,1,0,2,2,5,,,,
Plutarch,0,0,1,0,0,0,0,20,7,0,2,2,12,,,,
Polybius,0,3,1,0,0,0,0,3,34,0,0,1,8,,,,
Sophocles,8,0,0,0,0,0,0,0,0,33,0,0,8,,,,
Thucydides,0,0,4,0,0,0,6,3,3,0,24,5,21,,,,
Xenophon,0,3,6,0,0,0,7,0,1,0,4,14,21,,,,
-SUM-,12,7,12,0,9,7,13,8,22,3,12,14,119,,,,
Aeschylus,44,0,0,0,1,1,0,0,0,4,0,0,6,,,,
Diodorus,0,32,1,0,0,0,0,1,6,0,1,0,9,,,,
Herodotus,1,4,27,0,0,0,0,1,0,0,7,5,18,,,,
Hesiod,0,0,0,29,6,2,0,0,0,1,0,0,9,,,,
HomerIl,0,0,0,1,37,2,0,0,0,0,0,0,3,,,,
HomerOd,1,0,0,2,3,26,0,0,0,0,0,0,6,,,,
Lysias,0,1,5,0,0,0,34,1,1,0,1,1,10,,,,
Plutarch,0,2,1,0,0,0,0,19,8,0,0,1,12,,,,
Polybius,0,5,0,0,0,0,0,0,24,0,0,2,7,,,,
Sophocles,8,0,0,1,1,0,0,0,0,34,0,0,10,,,,
Thucydides,0,0,2,0,0,0,5,3,4,0,15,4,18,,,,
Xenophon,0,1,3,0,0,0,3,0,4,0,5,15,16,,,,
-SUM-,10,13,12,4,11,5,8,6,23,5,14,13,124,,,,
Aeschylus,33,0,0,1,0,0,0,0,0,3,0,0,4,,,,
Diodorus,0,18,1,0,0,0,0,0,11,0,0,1,13,,,,
Herodotus,0,1,34,0,0,0,0,0,0,0,3,2,6,,,,
Hesiod,3,0,0,24,7,2,0,0,0,2,0,0,14,,,,
HomerIl,0,0,0,0,31,6,0,0,0,0,0,0,6,,,,
HomerOd,0,0,0,0,3,34,0,0,0,0,0,0,3,,,,
Lysias,0,0,2,0,0,0,39,0,1,0,3,3,9,,,,
Plutarch,0,2,3,0,0,0,0,25,10,0,0,3,18,,,,
Polybius,0,0,0,0,0,0,1,1,39,0,1,0,3,,,,
Sophocles,1,0,0,0,1,0,0,0,0,29,0,0,2,,,,
Thucydides,0,1,1,0,0,0,2,2,4,0,22,1,11,,,,
Xenophon,0,0,7,0,0,0,4,3,3,0,4,22,21,,,,
-SUM-,4,4,14,1,11,8,7,6,29,5,11,10,110,,,,
Aeschylus,31,0,0,0,0,0,0,0,0,4,0,0,4,,,,
Diodorus,0,26,1,0,0,0,0,0,18,0,0,1,20,,,,
Herodotus,1,1,34,0,0,0,2,2,1,0,2,1,10,,,,
Hesiod,0,0,0,28,3,6,0,0,0,2,0,0,11,,,,
HomerIl,0,0,0,0,45,1,0,0,0,0,0,0,1,,,,
HomerOd,0,0,0,0,8,33,0,0,0,0,0,0,8,,,,
Lysias,0,1,3,0,0,0,28,0,2,0,1,2,9,,,,
Plutarch,0,1,3,0,0,0,0,23,3,0,3,1,11,,,,
Polybius,0,0,1,0,0,0,0,1,32,0,1,0,3,,,,
Sophocles,3,0,0,0,0,0,0,0,0,32,0,0,3,,,,
Thucydides,0,1,7,0,0,0,1,1,3,0,19,2,15,,,,
Xenophon,0,1,4,0,0,0,1,2,0,0,2,24,10,,,,
-SUM-,4,5,19,0,11,7,4,6,27,6,9,7,105,,,,
Aeschylus,27,0,0,0,1,0,0,0,0,4,0,0,5,,,,
Diodorus,0,27,0,0,0,0,0,1,14,0,2,0,17,,,,
Herodotus,0,2,18,0,0,0,1,1,1,0,3,2,10,,,,
Hesiod,0,0,0,27,1,1,0,0,0,0,0,0,2,,,,
HomerIl,0,0,0,0,31,2,0,0,0,0,0,0,2,,,,
HomerOd,0,0,0,2,3,40,0,0,0,0,0,0,5,,,,
Lysias,0,0,6,0,0,0,28,0,1,0,3,3,13,,,,
Plutarch,0,3,2,0,0,0,2,23,13,0,2,1,23,,,,
Polybius,0,3,1,0,0,0,1,1,38,0,0,2,8,,,,
Sophocles,8,0,0,0,1,0,0,0,1,38,0,0,10,,,,
Thucydides,0,3,7,0,0,0,2,0,7,0,18,1,20,,,,
Xenophon,0,2,3,0,0,0,6,0,4,0,3,12,18,,,,
-SUM-,8,13,19,2,6,3,12,3,41,4,13,9,133,,,,
Aeschylus,33,0,0,0,0,0,0,0,0,2,0,0,2,,,,
Diodorus,0,29,0,0,0,0,0,1,17,0,1,0,19,,,,
Herodotus,0,2,24,0,0,0,1,0,0,0,2,5,10,,,,
Hesiod,1,0,0,33,8,1,0,0,0,1,0,0,11,,,,
HomerIl,0,0,0,0,36,2,0,0,0,0,0,0,2,,,,
HomerOd,0,0,0,0,5,30,0,0,0,0,0,0,5,,,,
Lysias,0,0,5,0,0,0,23,0,1,0,2,0,8,,,,
Plutarch,0,2,4,0,0,0,0,19,6,0,3,0,15,,,,
Polybius,0,4,0,0,0,0,0,3,28,0,0,0,7,,,,
Sophocles,2,0,0,0,1,1,0,0,0,37,0,0,4,,,,
Thucydides,0,2,12,0,0,0,5,0,3,0,19,0,22,,,,
Xenophon,0,3,5,0,0,0,6,0,3,0,3,24,20,,,,
-SUM-,3,13,26,0,14,4,12,4,30,3,11,5,125,,,,
Aeschylus,37,0,0,0,0,0,0,0,0,3,0,0,3,,,,
Diodorus,0,34,2,0,0,0,0,1,15,0,0,0,18,,,,
Herodotus,0,1,30,0,0,0,2,1,0,0,4,2,10,,,,
Hesiod,1,0,0,25,5,5,0,0,0,0,0,0,11,,,,
HomerIl,0,0,0,0,42,2,0,0,0,0,0,0,2,,,,
HomerOd,1,0,0,0,4,31,0,0,0,0,0,0,5,,,,
Lysias,0,1,4,0,0,0,27,0,1,0,4,2,12,,,,
Plutarch,0,1,3,0,0,0,0,17,9,0,4,2,19,,,,
Polybius,1,5,0,0,0,0,0,2,26,0,1,0,9,,,,
Sophocles,3,0,0,0,0,0,0,0,0,24,0,0,3,,,,
Thucydides,0,2,6,0,0,0,2,1,1,0,22,4,16,,,,
Xenophon,0,1,7,0,0,0,2,2,1,0,9,15,22,,,,
-SUM-,6,11,22,0,9,7,6,7,27,3,22,10,130,,,,
Aeschylus,31,0,0,0,1,0,0,0,0,6,0,0,7,,,,
Diodorus,0,23,0,0,0,0,0,0,10,0,1,0,11,,,,
Herodotus,0,3,34,0,0,0,3,0,2,0,7,3,18,,,,
Hesiod,1,0,0,30,5,4,0,0,0,1,0,0,11,,,,
HomerIl,1,0,0,1,37,3,0,0,0,0,0,0,5,,,,
HomerOd,0,0,0,0,2,30,0,0,0,0,0,0,2,,,,
Lysias,0,1,3,0,0,0,24,1,2,0,1,2,10,,,,
Plutarch,0,4,0,0,0,0,2,22,6,0,7,1,20,,,,
Polybius,0,4,0,0,0,0,0,2,32,0,0,1,7,,,,
Sophocles,6,0,0,0,1,1,0,0,0,26,0,0,8,,,,
Thucydides,0,1,6,0,0,0,2,2,4,0,13,1,16,,,,
Xenophon,0,1,4,0,0,0,5,1,6,0,4,22,21,,,,
-SUM-,8,14,13,1,9,8,12,6,30,7,20,8,136,,,,
Aeschylus,33,0,0,0,0,0,0,0,0,5,0,0,5,,,460,
Diodorus,0,21,1,0,0,0,0,1,11,0,2,1,16,,,,
Herodotus,0,4,26,0,0,0,3,2,1,0,3,2,15,,,,
Hesiod,1,0,0,26,8,3,0,0,0,1,0,0,13,,,,
HomerIl,0,0,0,1,33,6,0,0,0,0,0,0,7,,,,
HomerOd,0,0,0,0,7,33,0,0,0,0,0,0,7,,,,
Lysias,0,1,3,0,0,0,24,0,1,0,2,3,10,,,,
Plutarch,0,1,1,0,0,0,0,16,10,0,2,3,17,,,,
Polybius,0,3,0,0,0,0,0,1,45,0,0,0,4,,,,
Sophocles,4,0,0,0,1,1,0,0,0,31,0,0,6,,,,
Thucydides,0,3,5,0,0,0,5,2,3,0,18,1,19,,,,
Xenophon,0,0,4,0,0,0,4,3,9,0,0,15,20,,,,
-SUM-,5,12,14,1,16,10,12,9,35,6,9,10,139,,,,
,,,,,,,,,,,,,,,,,
errors,580,949,1858,108,1032,534,1026,673,2925,527,1418,881,,,12511,,33489
,,,,,,,,,,,,,,,,,0.728021739
total ,4674,4223,6439,2868,5817,4520,4572,3436,9250,4474,4755,3483,,,,,
,4094,3274,4581,2760,4785,3986,3546,2763,6325,3947,3337,2602,,,,,
,,,,,,,,,,,,,,,,,
,0.141670738,0.289859499,0.405588299,0.039130435,0.215673981,0.133968891,0.289340102,0.243575823,0.462450593,0.133519128,0.424932574,0.338585703,,,,,
