"","Aeschylus","Diodorus","Herodotus","Hesiod","HomerIL","HomerOD","Lysias","Plutarch","Polybius","Sophocles","Thucydides","Xenophon","-SUM-"
"Aeschylus",83,0,1,4,5,5,0,1,0,29,0,0,45
"Diodorus",1,46,6,0,0,0,0,5,65,1,6,4,88
"Herodotus",2,14,69,0,0,1,8,5,22,0,11,9,72
"Hesiod",18,0,0,59,31,17,0,0,0,4,0,0,70
"HomerIL",3,0,0,0,142,19,0,0,0,1,0,0,23
"HomerOD",3,0,0,3,34,104,0,0,0,1,0,0,41
"Lysias",1,2,19,0,0,0,52,6,25,0,12,7,72
"Plutarch",2,12,18,1,1,2,7,30,43,0,7,6,99
"Polybius",0,16,5,0,0,0,2,10,109,0,7,2,42
"Sophocles",29,0,3,5,10,4,2,0,0,89,0,1,54
"Thucydides",1,7,22,0,0,0,10,9,25,1,44,6,81
"Xenophon",0,8,27,0,1,1,23,6,16,0,13,32,95
"-SUM-",60,59,101,13,82,49,52,42,196,37,56,35,782
"Aeschylus",104,0,1,6,3,4,0,0,0,24,0,0,38
"Diodorus",1,50,8,0,0,0,1,4,51,0,4,3,72
"Herodotus",1,6,69,1,0,1,5,8,16,4,15,8,65
"Hesiod",19,0,0,57,32,22,0,0,0,13,0,0,86
"HomerIL",2,0,0,3,116,24,0,0,0,0,0,0,29
"HomerOD",2,0,0,5,35,110,0,0,0,0,0,0,42
"Lysias",0,2,12,0,1,1,57,7,23,0,9,9,64
"Plutarch",0,9,17,0,1,0,4,44,44,0,2,5,82
"Polybius",1,12,5,0,0,0,1,6,109,0,4,1,30
"Sophocles",38,0,1,4,5,3,0,0,1,92,0,1,53
"Thucydides",1,13,21,0,1,2,14,7,30,0,34,13,102
"Xenophon",0,7,30,0,2,0,20,10,22,0,9,36,100
"-SUM-",65,49,95,19,80,57,45,42,187,41,43,40,763
"Aeschylus",105,0,0,5,6,6,1,1,0,26,0,0,45
"Diodorus",1,51,5,0,0,0,1,2,60,0,4,0,73
"Herodotus",1,9,66,0,1,2,6,7,17,2,12,11,68
"Hesiod",15,0,1,55,28,13,0,0,0,9,0,0,66
"HomerIL",4,0,0,11,111,23,1,0,0,1,0,0,40
"HomerOD",1,0,2,9,36,95,0,0,0,1,0,0,49
"Lysias",0,3,17,0,1,1,51,7,22,2,10,10,73
"Plutarch",3,21,16,0,0,0,4,44,45,1,8,3,101
"Polybius",0,17,4,0,0,0,1,10,104,0,4,1,37
"Sophocles",22,0,0,1,7,2,2,0,1,97,0,0,35
"Thucydides",1,7,23,0,0,1,13,13,29,0,43,9,96
"Xenophon",0,6,22,0,0,0,31,4,30,0,15,28,108
"-SUM-",48,63,90,26,79,48,60,44,204,42,53,34,791
"Aeschylus",87,0,0,5,7,3,0,0,0,23,0,0,38
"Diodorus",1,53,7,0,0,0,2,4,56,0,3,4,77
"Herodotus",3,4,72,0,1,1,10,8,17,4,17,7,72
"Hesiod",16,0,1,53,30,17,0,0,0,9,0,0,73
"HomerIL",1,0,0,7,104,23,0,0,0,1,0,0,32
"HomerOD",3,0,0,5,50,89,0,0,0,5,0,0,63
"Lysias",1,2,19,1,0,0,48,2,22,2,7,13,69
"Plutarch",1,14,11,0,1,0,8,38,44,0,6,10,95
"Polybius",0,17,5,0,0,0,6,11,112,1,1,2,43
"Sophocles",29,0,0,1,3,4,1,3,0,92,0,0,41
"Thucydides",1,9,24,0,0,1,14,7,25,1,47,12,94
"Xenophon",0,10,24,0,1,1,29,8,27,3,14,32,117
"-SUM-",56,56,91,19,93,50,70,43,191,49,48,48,814
"Aeschylus",97,0,0,6,5,5,0,0,0,33,0,0,49
"Diodorus",0,43,6,0,0,0,1,5,58,0,6,4,80
"Herodotus",1,8,64,0,1,4,9,4,11,2,10,15,65
"Hesiod",16,0,0,46,38,17,0,0,0,10,0,0,81
"HomerIL",2,0,0,2,119,23,1,0,0,2,0,0,30
"HomerOD",4,0,0,6,40,104,0,0,0,2,0,0,52
"Lysias",0,3,18,0,0,0,62,9,24,2,8,17,81
"Plutarch",1,15,12,0,0,1,9,35,42,0,5,9,94
"Polybius",1,12,3,0,0,0,4,8,95,0,5,3,36
"Sophocles",24,0,0,5,5,4,0,0,0,97,0,0,38
"Thucydides",0,8,18,0,0,0,17,12,32,1,39,14,102
"Xenophon",2,3,26,0,1,1,20,5,20,1,12,41,91
"-SUM-",51,49,83,19,90,55,61,43,187,53,46,62,799
"Aeschylus",99,1,2,2,6,5,0,0,2,24,0,0,42
"Diodorus",0,44,11,0,0,0,0,6,54,0,3,1,75
"Herodotus",1,12,67,0,2,1,11,6,16,0,10,15,74
"Hesiod",11,0,1,58,37,19,0,0,0,6,0,0,74
"HomerIL",4,0,0,4,101,28,0,0,0,1,0,0,37
"HomerOD",3,0,0,1,40,102,0,0,0,2,0,1,47
"Lysias",0,1,23,0,0,0,55,4,23,2,8,5,66
"Plutarch",2,11,13,0,0,1,5,40,31,1,11,4,79
"Polybius",0,8,3,0,0,0,9,2,125,0,5,3,30
"Sophocles",34,0,1,2,17,3,0,1,1,79,0,1,60
"Thucydides",2,4,16,0,0,2,20,8,34,1,37,11,98
"Xenophon",1,8,26,0,1,0,23,6,29,2,14,42,110
"-SUM-",58,45,96,9,103,59,68,33,190,39,51,41,792
"Aeschylus",106,0,2,3,6,3,1,1,0,27,0,0,43
"Diodorus",1,44,8,0,0,0,6,10,69,0,3,5,102
"Herodotus",3,8,67,0,0,1,9,5,16,1,7,14,64
"Hesiod",22,0,1,59,19,19,0,0,0,10,0,0,71
"HomerIL",1,0,0,5,119,19,0,0,0,2,0,0,27
"HomerOD",1,0,0,4,45,90,0,0,0,0,0,0,50
"Lysias",0,4,16,0,0,0,59,4,12,1,13,17,67
"Plutarch",0,4,20,1,0,1,9,40,45,1,10,4,95
"Polybius",0,12,6,0,0,0,0,4,102,0,3,2,27
"Sophocles",37,0,0,6,4,3,1,0,0,97,1,0,52
"Thucydides",0,6,31,0,1,0,8,7,27,1,44,10,91
"Xenophon",0,7,24,0,1,0,23,10,20,1,8,31,94
"-SUM-",65,41,108,19,76,46,57,41,189,44,45,52,783
"Aeschylus",98,0,0,5,10,5,0,1,0,31,0,0,52
"Diodorus",0,46,6,0,0,0,2,5,60,0,1,3,77
"Herodotus",1,8,69,0,1,0,9,9,14,0,12,9,63
"Hesiod",10,0,0,49,31,23,0,0,0,8,0,0,72
"HomerIL",2,0,0,7,117,21,0,0,0,1,0,0,31
"HomerOD",1,0,0,5,36,90,0,0,0,3,0,0,45
"Lysias",0,2,22,0,0,0,59,10,27,4,12,21,98
"Plutarch",0,6,20,0,0,1,5,40,46,1,5,7,91
"Polybius",0,15,5,0,0,0,5,7,97,0,2,4,38
"Sophocles",29,0,3,2,6,3,0,2,1,89,0,0,46
"Thucydides",0,6,26,0,1,1,11,12,31,1,34,16,105
"Xenophon",1,8,23,0,2,0,21,7,19,1,14,39,96
"-SUM-",44,45,105,19,87,54,53,53,198,50,46,60,814
"Aeschylus",96,0,0,1,11,5,0,0,0,34,0,0,51
"Diodorus",3,48,8,0,0,0,2,4,63,0,3,5,88
"Herodotus",0,11,62,0,2,2,10,4,17,2,12,6,66
"Hesiod",18,0,0,54,29,28,0,0,0,10,0,0,85
"HomerIL",4,0,0,4,109,26,0,0,0,0,0,0,34
"HomerOD",3,0,0,6,39,90,0,0,0,1,0,1,50
"Lysias",0,1,11,0,1,0,46,9,19,1,4,11,57
"Plutarch",1,12,17,0,0,0,5,41,31,0,9,5,80
"Polybius",1,11,5,0,0,0,3,8,124,0,2,5,35
"Sophocles",31,0,0,1,3,2,0,0,1,88,0,1,39
"Thucydides",0,8,26,0,1,1,17,15,40,0,33,6,114
"Xenophon",0,6,26,0,2,0,23,9,25,0,26,34,117
"-SUM-",61,49,93,12,88,64,60,49,196,48,56,40,816
"Aeschylus",100,1,0,3,6,3,0,1,0,31,0,0,45
"Diodorus",0,40,6,0,0,0,1,4,62,0,5,2,80
"Herodotus",2,10,58,1,0,2,8,5,24,1,7,14,74
"Hesiod",16,0,0,55,38,19,0,0,0,7,0,0,80
"HomerIL",1,0,0,4,127,14,0,0,0,2,0,0,21
"HomerOD",2,0,0,4,35,86,0,0,0,0,0,0,41
"Lysias",0,4,20,0,2,1,59,7,32,1,9,17,93
"Plutarch",0,13,14,1,0,1,7,36,42,0,9,5,92
"Polybius",0,14,3,0,0,0,4,4,100,1,5,2,33
"Sophocles",30,0,2,2,7,3,1,0,1,107,0,0,46
"Thucydides",0,10,31,0,0,0,14,6,26,1,32,6,94
"Xenophon",0,6,19,0,2,1,29,8,35,2,14,26,116
"-SUM-",51,58,95,15,90,44,64,35,222,46,49,46,815
"Aeschylus",118,0,1,2,3,1,0,1,0,33,0,0,41
"Diodorus",0,55,4,0,0,0,3,4,61,0,3,2,77
"Herodotus",0,12,70,0,2,2,5,2,17,1,13,9,63
"Hesiod",20,0,0,53,34,28,0,0,0,10,0,0,92
"HomerIL",1,0,0,7,109,23,0,0,0,2,0,0,33
"HomerOD",1,0,1,6,52,85,0,0,0,1,0,0,61
"Lysias",0,3,20,0,4,0,62,4,20,3,13,7,74
"Plutarch",1,11,16,0,0,0,3,38,24,0,11,6,72
"Polybius",0,10,5,0,0,0,4,5,99,1,4,0,29
"Sophocles",25,0,1,3,8,1,0,0,1,101,0,0,39
"Thucydides",2,5,23,0,0,0,12,8,34,0,38,9,93
"Xenophon",0,10,26,0,0,1,21,8,21,2,13,37,102
"-SUM-",50,51,97,18,103,56,48,32,178,53,57,33,776
"Aeschylus",106,0,0,8,6,6,1,1,0,15,0,2,39
"Diodorus",0,53,3,0,0,0,2,7,65,0,2,0,79
"Herodotus",4,6,72,0,0,0,7,7,17,3,6,10,60
"Hesiod",16,0,0,65,27,18,0,0,0,5,0,0,66
"HomerIL",6,0,0,4,102,24,0,0,1,3,0,0,38
"HomerOD",3,0,0,5,36,101,0,0,0,1,0,0,45
"Lysias",1,2,12,0,1,0,62,3,13,1,6,20,59
"Plutarch",0,11,14,0,2,0,2,32,59,1,7,9,105
"Polybius",1,8,5,0,0,0,6,6,100,0,5,2,33
"Sophocles",40,0,2,3,9,6,3,0,1,81,0,0,64
"Thucydides",1,8,24,0,2,0,14,13,31,1,40,9,103
"Xenophon",0,6,27,0,0,0,32,3,23,1,11,33,103
"-SUM-",72,41,87,20,83,54,67,40,210,31,37,52,794
"Aeschylus",93,0,0,2,5,4,0,1,0,34,0,0,46
"Diodorus",0,50,11,0,0,0,0,6,59,0,3,4,83
"Herodotus",1,7,73,0,1,5,8,4,20,2,17,14,79
"Hesiod",13,0,0,59,32,22,0,0,0,9,0,0,76
"HomerIL",5,0,0,4,100,15,0,0,0,1,0,0,25
"HomerOD",3,0,0,3,38,97,0,0,0,0,0,0,44
"Lysias",0,1,13,0,1,0,57,6,16,7,8,13,65
"Plutarch",1,9,19,1,1,0,10,41,49,1,10,5,106
"Polybius",0,11,5,0,0,0,5,3,117,0,6,6,36
"Sophocles",28,0,0,1,13,6,1,0,1,73,0,0,50
"Thucydides",0,10,21,0,0,1,15,8,34,1,45,11,101
"Xenophon",1,6,32,0,1,0,19,4,23,0,9,30,95
"-SUM-",52,44,101,11,92,53,58,32,202,55,53,53,806
"Aeschylus",98,0,0,3,3,1,0,0,0,27,0,0,34
"Diodorus",0,36,5,0,0,0,3,4,82,0,5,5,104
"Herodotus",1,8,61,0,0,1,9,7,21,3,8,4,62
"Hesiod",15,0,0,60,32,23,1,0,0,10,1,0,82
"HomerIL",2,0,1,6,118,33,0,0,1,1,0,0,44
"HomerOD",4,0,0,2,34,108,0,0,0,1,0,0,41
"Lysias",0,3,21,0,1,2,59,5,15,2,11,11,71
"Plutarch",1,13,12,0,0,0,8,42,34,2,12,6,88
"Polybius",0,11,7,0,1,0,3,4,105,0,3,3,32
"Sophocles",30,0,1,2,8,4,0,1,1,93,0,0,47
"Thucydides",0,6,22,1,0,0,10,9,25,1,39,8,82
"Xenophon",1,9,22,0,1,0,26,9,19,0,13,35,100
"-SUM-",54,50,91,14,80,64,60,39,198,47,53,37,787
"Aeschylus",98,0,1,1,3,6,0,0,0,36,0,0,47
"Diodorus",1,48,9,0,0,0,1,10,59,0,2,1,83
"Herodotus",0,6,56,0,1,0,4,6,22,3,12,13,67
"Hesiod",21,0,1,52,25,21,0,0,0,12,0,0,80
"HomerIL",2,0,1,6,122,19,0,0,0,1,0,0,29
"HomerOD",3,0,0,4,42,101,0,0,0,1,0,1,51
"Lysias",1,4,18,0,0,0,52,2,22,2,8,19,76
"Plutarch",1,13,20,0,0,1,7,35,50,1,8,7,108
"Polybius",0,17,7,0,0,0,10,5,110,0,1,3,43
"Sophocles",23,0,2,4,9,1,1,0,0,90,0,1,41
"Thucydides",0,7,24,0,0,0,12,9,28,0,37,11,91
"Xenophon",0,4,22,0,1,1,22,11,25,0,11,27,97
"-SUM-",52,51,105,15,81,49,57,43,206,56,42,56,813
"Aeschylus",115,0,0,5,6,5,0,1,0,22,0,0,39
"Diodorus",0,55,8,0,0,0,3,6,64,0,3,2,86
"Herodotus",2,6,65,0,1,1,8,7,11,2,16,9,63
"Hesiod",16,0,0,58,27,24,0,0,0,5,0,0,72
"HomerIL",4,0,1,2,110,20,0,0,0,1,0,0,28
"HomerOD",4,0,0,1,42,105,1,0,0,0,0,0,48
"Lysias",1,0,20,0,0,0,40,8,29,0,16,12,86
"Plutarch",0,13,11,0,1,2,7,39,33,1,9,6,83
"Polybius",1,23,11,0,0,0,6,0,104,1,6,1,49
"Sophocles",25,0,0,3,9,1,2,1,1,93,0,2,44
"Thucydides",1,11,23,0,0,2,12,7,25,1,42,13,95
"Xenophon",1,12,19,0,2,1,14,7,23,0,14,29,93
"-SUM-",55,65,93,11,88,56,53,37,186,33,64,45,786
"Aeschylus",97,1,1,5,2,4,0,0,0,21,0,0,34
"Diodorus",0,47,4,0,0,0,3,6,53,0,4,4,74
"Herodotus",2,9,78,0,3,0,3,3,22,5,13,12,72
"Hesiod",15,0,2,59,37,27,0,0,0,10,0,0,91
"HomerIL",4,0,1,2,113,20,0,0,0,2,0,0,29
"HomerOD",2,0,0,3,39,103,0,0,0,0,1,0,45
"Lysias",0,2,17,0,0,0,69,7,25,3,12,15,81
"Plutarch",1,14,12,0,0,0,7,33,43,0,8,8,93
"Polybius",0,10,4,0,0,0,8,4,93,0,5,5,36
"Sophocles",37,0,0,3,7,3,1,0,0,108,0,0,51
"Thucydides",0,4,10,0,0,0,15,7,24,0,35,11,71
"Xenophon",0,10,15,0,0,0,20,6,20,0,10,48,81
"-SUM-",61,50,66,13,88,54,57,33,187,41,53,55,758
"Aeschylus",108,0,1,2,6,2,0,1,0,22,0,1,35
"Diodorus",0,53,13,0,0,1,0,8,51,0,4,1,78
"Herodotus",3,7,68,0,0,0,12,7,23,2,11,11,76
"Hesiod",22,0,0,54,25,21,0,0,0,7,0,0,75
"HomerIL",2,0,0,1,120,19,0,0,0,4,0,0,26
"HomerOD",4,0,0,2,35,93,0,0,0,2,0,0,43
"Lysias",0,3,24,0,0,1,53,3,21,1,7,13,73
"Plutarch",0,10,17,0,0,1,11,29,40,0,8,5,92
"Polybius",1,22,2,0,0,0,7,7,103,0,7,1,47
"Sophocles",40,0,0,2,6,2,1,1,3,80,2,1,58
"Thucydides",0,8,23,0,0,0,20,9,28,1,32,12,101
"Xenophon",1,8,18,0,1,1,27,11,24,2,19,32,112
"-SUM-",73,58,98,7,73,48,78,47,190,41,58,45,816
"Aeschylus",99,0,0,5,7,7,0,0,0,24,0,0,43
"Diodorus",1,48,8,0,0,0,0,4,52,0,2,2,69
"Herodotus",4,9,70,0,1,1,12,11,16,0,11,9,74
"Hesiod",11,0,0,60,21,21,0,0,0,3,0,0,56
"HomerIL",2,0,0,1,124,26,0,0,0,1,0,0,30
"HomerOD",3,0,0,2,47,107,0,0,0,1,0,1,54
"Lysias",1,5,23,0,0,0,55,8,25,1,7,11,81
"Plutarch",1,12,18,0,0,0,7,40,44,0,6,4,92
"Polybius",0,5,5,0,0,0,2,10,101,0,4,4,30
"Sophocles",37,0,0,2,4,5,1,0,1,77,0,1,51
"Thucydides",1,6,23,0,1,2,12,13,32,0,36,12,102
"Xenophon",0,7,25,0,1,0,19,5,23,1,17,44,98
"-SUM-",61,44,102,10,82,62,53,51,193,31,47,44,780
"Aeschylus",117,0,3,4,2,2,0,0,0,35,0,0,46
"Diodorus",1,50,11,0,0,0,2,5,50,0,4,6,79
"Herodotus",2,6,67,0,3,2,9,4,25,1,15,7,74
"Hesiod",14,0,0,71,21,21,0,0,0,10,0,0,66
"HomerIL",2,0,0,3,118,26,0,0,0,0,0,0,31
"HomerOD",4,0,1,1,34,100,0,0,0,2,0,0,42
"Lysias",2,2,16,0,0,0,58,4,20,3,11,14,72
"Plutarch",0,7,18,1,0,0,7,37,39,0,4,4,80
"Polybius",0,7,6,0,0,0,4,10,125,0,3,0,30
"Sophocles",26,0,1,4,5,1,0,0,1,92,0,0,38
"Thucydides",0,5,21,0,0,0,17,7,38,1,32,13,102
"Xenophon",0,5,18,0,2,0,21,7,18,2,7,34,80
"-SUM-",51,32,95,13,67,52,60,37,191,54,44,44,740
"Aeschylus",102,0,0,8,3,2,0,1,0,31,0,1,46
"Diodorus",1,49,10,0,0,0,1,7,54,0,4,2,79
"Herodotus",1,8,73,1,1,0,5,7,22,2,15,13,75
"Hesiod",15,0,1,66,24,21,0,0,0,10,1,0,72
"HomerIL",1,0,0,8,121,17,0,0,0,1,0,0,27
"HomerOD",2,0,0,3,32,113,0,0,0,1,0,0,38
"Lysias",0,2,16,0,1,1,61,7,27,2,14,11,81
"Plutarch",2,10,12,0,0,0,7,37,49,0,9,4,93
"Polybius",0,18,3,0,0,0,3,7,92,1,1,3,36
"Sophocles",31,0,1,2,8,6,1,0,2,88,0,1,52
"Thucydides",0,7,17,0,0,0,8,10,27,2,36,7,78
"Xenophon",0,8,14,0,2,1,10,10,27,1,17,36,90
"-SUM-",53,53,74,22,71,48,35,49,208,51,61,42,767
"Aeschylus",89,0,0,5,3,0,0,0,0,22,0,0,30
"Diodorus",1,50,12,0,0,0,0,8,72,0,2,2,97
"Herodotus",1,12,53,0,1,2,9,4,19,3,10,8,69
"Hesiod",16,0,0,59,35,19,0,0,0,11,1,0,82
"HomerIL",0,0,0,4,114,19,0,0,0,0,0,0,23
"HomerOD",1,0,1,4,39,93,0,0,0,1,0,0,46
"Lysias",1,4,23,0,1,0,61,5,19,2,8,12,75
"Plutarch",1,11,10,0,1,0,12,30,41,0,7,8,91
"Polybius",0,8,1,0,0,0,9,3,121,0,3,3,27
"Sophocles",30,0,1,2,2,5,3,2,1,101,0,2,48
"Thucydides",0,5,28,1,0,1,22,10,25,1,33,11,104
"Xenophon",0,9,27,0,1,0,22,11,26,1,11,37,108
"-SUM-",51,49,103,16,83,46,77,43,203,41,42,46,800
"Aeschylus",109,0,1,5,6,4,0,1,0,21,0,0,38
"Diodorus",0,48,12,0,0,0,0,5,63,0,2,2,84
"Herodotus",3,9,76,0,1,2,7,6,16,2,11,13,70
"Hesiod",23,0,0,50,27,21,1,0,0,8,0,0,80
"HomerIL",3,0,1,4,113,23,0,0,0,1,0,0,32
"HomerOD",6,0,0,7,44,89,0,0,0,3,0,0,60
"Lysias",1,5,17,0,1,0,49,7,29,6,17,8,91
"Plutarch",1,9,16,0,0,0,6,33,39,0,14,4,89
"Polybius",1,9,5,0,0,0,5,6,97,0,4,4,34
"Sophocles",33,0,0,1,12,4,1,0,0,96,1,1,53
"Thucydides",1,12,26,0,1,0,11,5,30,0,32,7,93
"Xenophon",0,11,20,0,0,0,26,7,19,4,11,27,98
"-SUM-",72,55,98,17,92,54,57,37,196,45,60,39,822
"Aeschylus",97,0,0,3,5,2,0,0,0,33,0,0,43
"Diodorus",1,56,5,0,0,0,3,8,67,0,3,2,89
"Herodotus",1,10,68,1,3,0,9,5,16,2,12,17,76
"Hesiod",17,0,1,55,28,18,0,0,0,8,0,0,72
"HomerIL",3,0,0,4,125,19,0,0,0,0,0,0,26
"HomerOD",2,0,0,5,33,91,1,0,0,2,0,0,43
"Lysias",0,6,16,0,0,0,50,6,20,2,10,16,76
"Plutarch",0,9,13,0,1,0,11,32,51,1,8,7,101
"Polybius",0,11,13,0,0,0,5,7,101,0,2,1,39
"Sophocles",25,0,0,6,7,3,1,0,3,89,1,1,47
"Thucydides",0,9,28,0,0,1,15,1,32,1,40,10,97
"Xenophon",0,6,22,0,0,0,18,10,24,1,16,31,97
"-SUM-",49,51,98,19,77,43,63,37,213,50,52,54,806
"Aeschylus",96,0,1,1,5,3,0,1,0,30,0,0,41
"Diodorus",0,52,5,0,0,0,1,5,60,0,6,2,79
"Herodotus",1,10,66,0,1,0,8,3,24,3,12,7,69
"Hesiod",16,0,0,64,27,17,0,0,0,6,0,0,66
"HomerIL",3,0,0,7,109,25,0,0,0,3,0,0,38
"HomerOD",2,0,0,7,49,76,0,0,0,0,0,0,58
"Lysias",1,5,17,0,1,0,57,9,22,4,9,8,76
"Plutarch",1,9,19,0,0,1,2,42,56,0,6,4,98
"Polybius",0,13,6,0,0,0,4,7,106,0,3,5,38
"Sophocles",20,0,0,5,5,2,2,0,0,95,0,0,34
"Thucydides",1,11,25,1,0,2,14,7,28,2,45,11,102
"Xenophon",0,8,24,0,1,1,20,6,25,2,9,38,96
"-SUM-",45,56,97,21,89,51,51,38,215,50,45,37,795
"Aeschylus",98,0,0,1,5,1,0,0,0,29,0,1,37
"Diodorus",1,45,15,0,0,1,4,4,56,0,4,5,90
"Herodotus",2,9,58,0,3,3,8,8,15,1,13,12,74
"Hesiod",19,0,1,65,24,22,1,0,0,7,0,0,74
"HomerIL",3,0,0,6,124,13,0,0,0,1,0,0,23
"HomerOD",3,0,0,5,39,87,0,0,0,0,0,0,47
"Lysias",1,1,16,0,1,0,61,7,17,3,7,9,62
"Plutarch",0,15,19,0,0,2,11,44,42,0,10,10,109
"Polybius",0,13,7,0,0,0,8,3,94,1,2,5,39
"Sophocles",32,0,1,2,5,2,1,0,1,101,0,0,44
"Thucydides",1,0,25,0,0,0,11,8,34,2,39,11,92
"Xenophon",0,6,19,0,0,0,18,9,27,2,14,39,95
"-SUM-",62,44,103,14,77,44,62,39,192,46,50,53,786
"Aeschylus",92,0,0,5,8,2,0,2,0,28,0,0,45
"Diodorus",0,52,4,0,0,0,5,7,59,0,5,2,82
"Herodotus",3,8,67,0,1,0,4,10,17,1,12,8,64
"Hesiod",19,0,1,56,29,16,0,0,0,6,0,0,71
"HomerIL",1,0,0,1,101,20,1,0,0,2,0,0,25
"HomerOD",1,0,0,2,45,97,0,0,0,0,0,0,48
"Lysias",1,3,13,0,1,0,54,9,23,1,16,12,79
"Plutarch",2,14,14,0,0,0,8,31,44,0,6,5,93
"Polybius",0,12,5,0,0,0,2,10,117,1,3,2,35
"Sophocles",30,0,5,1,5,4,1,1,3,104,0,0,50
"Thucydides",2,11,24,0,0,2,12,10,28,0,34,7,96
"Xenophon",1,11,21,0,2,1,25,9,28,0,15,35,113
"-SUM-",60,59,87,9,91,45,58,58,202,39,57,36,801
"Aeschylus",92,0,1,6,4,3,0,0,0,31,0,0,45
"Diodorus",1,44,5,0,0,0,0,5,64,0,5,2,82
"Herodotus",2,13,62,0,1,1,5,12,21,3,9,10,77
"Hesiod",12,0,0,59,22,19,0,0,0,4,0,0,57
"HomerIL",2,0,0,2,113,21,0,0,0,2,0,0,27
"HomerOD",3,0,0,5,46,100,0,0,0,0,0,0,54
"Lysias",0,1,25,0,0,0,53,6,31,2,7,13,85
"Plutarch",0,7,17,0,0,1,3,47,50,0,5,6,89
"Polybius",0,15,6,0,0,0,2,5,100,0,0,3,31
"Sophocles",35,0,0,7,8,4,0,0,0,100,0,0,54
"Thucydides",0,6,21,0,0,0,16,11,30,1,38,10,95
"Xenophon",0,8,27,0,0,0,24,8,31,0,7,32,105
"-SUM-",55,50,102,20,81,49,50,47,227,43,33,44,801
"Aeschylus",86,0,0,4,3,6,0,1,0,36,0,0,50
"Diodorus",1,46,3,0,0,0,3,5,59,0,4,4,79
"Herodotus",3,11,58,0,0,3,6,10,20,1,11,12,77
"Hesiod",14,0,0,59,29,20,0,0,0,6,0,0,69
"HomerIL",4,0,1,6,115,17,0,0,0,1,0,0,29
"HomerOD",2,0,0,6,42,90,0,0,0,1,0,0,51
"Lysias",0,3,25,0,0,0,54,5,30,1,9,12,85
"Plutarch",0,10,16,0,0,1,6,39,48,0,7,5,93
"Polybius",0,15,5,0,0,0,7,4,106,0,2,1,34
"Sophocles",35,0,2,7,8,3,1,3,2,89,0,0,61
"Thucydides",1,8,13,0,1,0,10,10,29,0,49,7,79
"Xenophon",1,11,24,0,0,1,26,8,19,1,17,35,108
"-SUM-",61,58,89,23,83,51,59,46,207,47,50,41,815
"Aeschylus",85,1,3,4,2,2,0,0,0,29,0,0,41
"Diodorus",0,46,7,0,0,0,2,6,52,0,5,6,78
"Herodotus",1,6,81,0,1,1,8,8,15,1,16,10,67
"Hesiod",17,0,1,57,26,21,0,0,0,4,1,2,72
"HomerIL",1,0,0,4,114,23,0,0,0,3,0,0,31
"HomerOD",2,0,0,6,42,101,0,0,0,2,0,0,52
"Lysias",0,3,16,0,0,0,59,3,25,2,14,16,79
"Plutarch",4,10,18,0,1,0,5,30,41,0,8,7,94
"Polybius",0,17,6,0,1,0,6,5,111,0,6,4,45
"Sophocles",33,0,1,2,11,3,2,1,1,91,0,0,54
"Thucydides",1,7,22,0,0,1,11,8,37,2,43,10,99
"Xenophon",0,10,15,0,3,0,21,7,16,0,9,30,81
"-SUM-",59,54,89,16,87,51,55,38,187,43,59,55,793
"Aeschylus",84,1,2,2,4,2,1,1,0,36,0,0,49
"Diodorus",1,48,8,0,0,0,2,5,56,0,5,3,80
"Herodotus",3,8,68,0,1,0,8,10,25,5,13,15,88
"Hesiod",15,0,0,65,23,22,0,0,0,5,0,0,65
"HomerIL",2,0,0,5,95,27,0,0,0,1,0,0,35
"HomerOD",3,0,0,4,39,100,0,0,0,0,0,0,46
"Lysias",0,2,14,0,1,0,61,7,23,3,8,13,71
"Plutarch",2,9,15,0,1,0,10,46,44,0,11,5,97
"Polybius",1,14,2,0,0,0,4,3,115,0,1,1,26
"Sophocles",37,0,2,3,6,2,1,0,2,85,1,0,54
"Thucydides",0,5,25,0,0,0,9,13,22,0,37,9,83
"Xenophon",1,9,25,0,1,0,20,6,28,2,11,40,103
"-SUM-",65,48,93,14,76,53,55,45,200,52,50,46,797
"Aeschylus",107,0,1,6,4,4,0,1,0,22,0,0,38
"Diodorus",0,42,9,0,0,0,5,5,56,0,3,1,79
"Herodotus",2,9,66,0,0,0,9,5,16,1,15,4,61
"Hesiod",19,0,0,50,27,13,0,1,0,6,0,0,66
"HomerIL",3,0,0,6,116,24,0,0,0,1,1,0,35
"HomerOD",1,0,0,4,35,99,0,0,0,2,0,0,42
"Lysias",1,3,22,0,2,0,57,3,23,1,15,12,82
"Plutarch",0,14,17,0,0,0,8,34,41,0,10,4,94
"Polybius",0,11,8,0,0,0,6,4,117,0,2,2,33
"Sophocles",42,0,0,4,4,4,1,1,1,94,0,0,57
"Thucydides",0,14,18,0,1,1,14,7,30,1,32,14,100
"Xenophon",0,10,15,0,0,0,24,12,27,1,12,39,101
"-SUM-",68,61,90,20,73,46,67,39,194,35,58,37,788
"Aeschylus",87,0,1,3,3,4,1,0,0,36,0,0,48
"Diodorus",0,54,11,0,0,0,1,6,55,0,4,2,79
"Herodotus",1,5,69,0,1,0,9,4,22,3,11,9,65
"Hesiod",15,0,0,57,49,15,0,0,0,7,1,0,87
"HomerIL",2,0,0,2,113,16,0,0,0,1,0,0,21
"HomerOD",1,0,0,7,54,97,0,0,0,1,0,0,63
"Lysias",0,3,16,0,2,0,60,7,21,1,12,10,72
"Plutarch",3,10,14,0,1,0,7,36,32,0,13,1,81
"Polybius",0,14,4,0,0,0,5,11,113,0,2,5,41
"Sophocles",35,0,1,5,9,2,1,0,0,84,0,0,53
"Thucydides",0,7,18,0,0,0,10,7,35,3,46,9,89
"Xenophon",0,3,21,0,3,0,20,4,26,1,14,34,92
"-SUM-",57,42,86,17,122,37,54,39,191,53,57,36,791
"Aeschylus",83,1,0,3,7,5,0,0,0,32,0,0,48
"Diodorus",1,54,8,0,0,1,0,4,64,0,4,6,88
"Herodotus",0,8,66,0,2,0,12,6,17,1,17,8,71
"Hesiod",20,0,0,56,26,24,0,0,0,7,0,0,77
"HomerIL",6,0,0,7,103,20,0,0,0,2,0,0,35
"HomerOD",1,0,0,3,36,92,0,0,0,2,0,0,42
"Lysias",1,3,21,0,1,0,62,6,22,2,13,12,81
"Plutarch",0,10,16,0,0,0,11,42,37,0,11,9,94
"Polybius",2,14,3,0,1,0,2,9,99,0,8,2,41
"Sophocles",42,0,2,3,4,1,4,1,0,92,0,1,58
"Thucydides",0,7,18,0,0,0,14,9,34,0,33,13,95
"Xenophon",1,5,33,0,1,0,11,9,20,2,12,35,94
"-SUM-",74,48,101,16,78,51,54,44,194,48,65,51,824
"Aeschylus",92,0,0,3,2,9,1,0,0,32,0,0,47
"Diodorus",0,37,7,0,0,0,0,8,70,0,1,4,90
"Herodotus",1,7,59,1,2,2,6,6,22,0,14,17,78
"Hesiod",17,0,0,53,30,18,0,0,0,8,0,0,73
"HomerIL",1,0,0,6,130,15,0,0,0,2,0,0,24
"HomerOD",3,0,1,3,44,86,0,0,0,1,0,0,52
"Lysias",0,3,28,0,1,2,57,6,19,2,14,14,89
"Plutarch",0,15,17,0,0,1,6,35,44,0,7,6,96
"Polybius",1,12,5,0,0,0,8,4,103,0,1,2,33
"Sophocles",32,0,2,3,11,3,1,1,1,90,0,3,57
"Thucydides",1,8,21,1,1,0,13,13,27,1,32,7,93
"Xenophon",0,9,27,0,2,0,26,7,21,2,9,32,103
"-SUM-",56,54,108,17,93,50,61,45,204,48,46,53,835
"Aeschylus",95,1,1,5,6,3,0,0,1,20,0,0,37
"Diodorus",1,50,9,0,0,0,1,5,50,0,4,3,73
"Herodotus",0,14,57,0,0,2,8,7,20,0,7,9,67
"Hesiod",16,0,0,45,34,20,0,0,0,9,0,0,79
"HomerIL",1,0,0,4,142,22,0,0,0,3,0,0,30
"HomerOD",2,0,0,2,47,105,0,0,0,1,0,1,53
"Lysias",1,1,13,0,0,0,54,10,25,1,9,10,70
"Plutarch",0,15,22,0,0,0,6,27,44,0,12,10,109
"Polybius",0,17,7,0,0,0,7,6,101,0,3,5,45
"Sophocles",28,0,2,3,6,3,2,0,0,96,0,0,44
"Thucydides",2,8,22,0,1,1,20,5,28,1,34,7,95
"Xenophon",0,9,18,0,1,1,15,8,32,0,11,38,95
"-SUM-",51,65,94,14,95,52,59,41,200,35,46,45,797
"Aeschylus",91,1,0,9,7,5,0,0,0,27,0,0,49
"Diodorus",1,48,10,0,0,0,0,6,59,0,3,2,81
"Herodotus",0,7,71,0,1,0,7,8,23,1,13,9,69
"Hesiod",21,0,0,44,23,19,0,0,0,6,0,0,69
"HomerIL",0,0,0,3,119,25,0,0,0,0,0,0,28
"HomerOD",3,0,0,4,46,97,0,0,0,0,0,0,53
"Lysias",0,7,21,0,1,3,55,5,20,5,13,13,88
"Plutarch",0,10,13,0,0,0,9,43,48,2,9,5,96
"Polybius",1,12,6,0,0,0,3,11,111,0,6,4,43
"Sophocles",29,0,0,3,6,4,0,1,1,86,1,0,45
"Thucydides",0,6,26,0,0,0,12,11,31,2,34,4,92
"Xenophon",1,5,21,0,2,0,18,10,30,0,9,33,96
"-SUM-",56,48,97,19,86,56,49,52,212,43,54,37,809
"Aeschylus",104,0,2,2,7,3,0,0,0,34,0,0,48
"Diodorus",0,65,12,0,0,0,3,6,58,0,4,5,88
"Herodotus",2,7,71,0,0,0,3,16,21,2,9,15,75
"Hesiod",19,0,1,52,34,20,0,0,0,7,0,0,81
"HomerIL",2,0,0,2,103,24,0,0,0,3,0,0,31
"HomerOD",8,0,0,2,43,93,0,0,0,0,0,0,53
"Lysias",0,4,22,0,0,0,45,4,28,2,6,12,78
"Plutarch",1,9,11,0,0,0,7,36,39,0,9,6,82
"Polybius",0,10,6,0,0,0,3,3,100,0,5,4,31
"Sophocles",19,0,0,2,8,3,1,0,1,103,0,0,34
"Thucydides",1,7,24,0,1,0,21,12,33,2,37,7,108
"Xenophon",0,7,23,0,1,0,16,10,19,2,13,32,91
"-SUM-",52,44,101,8,94,50,54,51,199,52,46,49,800
"Aeschylus",108,0,0,6,11,1,0,0,0,25,0,0,43
"Diodorus",0,49,7,0,0,0,1,8,51,0,1,5,73
"Herodotus",0,13,62,0,2,0,6,7,20,1,6,11,66
"Hesiod",22,0,0,59,33,22,0,0,0,8,1,2,88
"HomerIL",2,0,0,6,109,17,0,0,0,1,0,0,26
"HomerOD",3,0,0,4,40,108,0,0,0,1,0,0,48
"Lysias",0,6,21,0,1,1,60,6,22,1,11,6,75
"Plutarch",2,15,10,0,1,0,5,41,37,0,6,5,81
"Polybius",1,15,3,0,0,0,5,4,109,0,3,4,35
"Sophocles",29,0,2,4,5,5,1,0,1,84,0,1,48
"Thucydides",2,7,31,0,0,2,14,7,25,0,41,16,104
"Xenophon",1,8,19,0,2,0,22,2,25,0,11,34,90
"-SUM-",62,64,93,20,95,48,54,34,181,37,39,50,777
"Aeschylus",109,0,0,3,9,4,0,1,1,33,0,0,51
"Diodorus",1,48,3,0,0,1,3,8,60,0,4,2,82
"Herodotus",2,5,71,0,2,2,12,4,26,1,11,10,75
"Hesiod",15,0,1,53,26,24,0,0,0,3,0,0,69
"HomerIL",7,0,0,4,89,21,0,0,0,1,0,0,33
"HomerOD",3,0,0,6,33,109,0,0,0,0,0,0,42
"Lysias",0,1,17,0,1,1,62,3,22,3,10,14,72
"Plutarch",0,19,16,1,0,0,8,43,42,0,12,5,103
"Polybius",0,14,6,0,0,0,5,8,105,1,4,8,46
"Sophocles",36,0,5,3,6,2,0,0,2,86,0,0,54
"Thucydides",2,6,25,0,0,0,12,6,24,0,38,10,85
"Xenophon",0,10,19,0,1,0,17,11,17,0,11,30,86
"-SUM-",66,55,92,17,78,55,57,41,194,42,52,49,798
"Aeschylus",102,0,0,3,5,2,0,1,0,31,0,1,43
"Diodorus",0,49,8,0,0,1,1,9,64,0,7,4,94
"Herodotus",2,9,56,0,1,2,8,9,20,2,14,8,75
"Hesiod",16,0,1,55,34,19,0,0,0,6,0,0,76
"HomerIL",5,0,0,7,135,25,0,0,0,0,0,0,37
"HomerOD",2,0,0,3,29,84,0,0,0,0,0,0,34
"Lysias",3,5,17,0,0,0,60,4,18,2,13,12,74
"Plutarch",3,9,11,0,0,0,8,38,46,1,5,6,89
"Polybius",1,16,6,0,0,0,4,3,93,0,6,3,39
"Sophocles",24,0,1,5,12,5,2,0,1,82,0,0,50
"Thucydides",0,6,24,0,0,0,14,8,29,1,48,14,96
"Xenophon",0,5,18,0,1,0,29,6,20,5,11,37,95
"-SUM-",56,50,86,18,82,54,66,40,198,48,56,48,802
"Aeschylus",109,0,0,2,4,3,0,0,0,39,0,0,48
"Diodorus",0,49,6,0,0,1,1,3,67,0,5,4,87
"Herodotus",2,7,74,0,0,2,5,8,22,3,9,7,65
"Hesiod",23,0,0,60,31,20,0,0,0,6,0,0,80
"HomerIL",0,0,0,2,98,27,0,0,0,0,0,0,29
"HomerOD",5,0,0,1,40,101,0,0,0,3,0,0,49
"Lysias",1,2,20,0,0,1,64,7,12,4,9,13,69
"Plutarch",0,11,12,0,1,1,6,39,47,1,4,6,89
"Polybius",0,14,2,0,0,0,2,11,91,1,4,3,37
"Sophocles",22,0,5,1,9,5,1,0,1,96,1,0,45
"Thucydides",0,6,32,0,0,0,17,10,31,0,35,9,105
"Xenophon",0,4,20,0,1,0,20,9,23,1,14,30,92
"-SUM-",53,44,97,6,86,60,52,48,203,58,46,42,795
"Aeschylus",96,0,0,2,4,3,1,0,0,38,0,0,48
"Diodorus",1,52,6,0,0,0,0,7,49,0,2,2,67
"Herodotus",4,7,71,0,0,3,8,7,13,3,5,10,60
"Hesiod",20,0,1,53,34,26,0,0,0,6,0,0,87
"HomerIL",2,0,0,4,122,22,0,0,0,4,0,0,32
"HomerOD",3,0,0,4,38,85,0,0,0,2,0,0,47
"Lysias",1,2,16,0,0,1,56,7,28,2,9,9,75
"Plutarch",0,10,15,0,1,0,5,44,47,1,7,8,94
"Polybius",0,7,5,0,1,0,5,8,115,0,6,0,32
"Sophocles",37,0,0,4,8,4,2,1,0,90,0,0,56
"Thucydides",1,3,20,0,0,1,17,9,36,0,35,16,103
"Xenophon",0,4,21,0,0,1,15,10,27,0,14,29,92
"-SUM-",69,33,84,14,86,61,53,49,200,56,43,45,793
"Aeschylus",106,1,0,7,7,1,0,0,0,30,0,0,46
"Diodorus",1,42,11,0,0,0,2,6,49,0,1,4,74
"Herodotus",1,9,81,0,3,2,5,4,20,2,6,9,61
"Hesiod",21,0,1,57,29,18,0,0,0,8,0,0,77
"HomerIL",2,0,0,5,104,17,0,0,0,2,0,0,26
"HomerOD",2,0,0,6,50,96,0,0,0,1,1,0,60
"Lysias",1,1,14,0,1,0,47,5,19,3,11,16,71
"Plutarch",1,11,19,0,1,0,9,42,49,1,10,6,107
"Polybius",0,9,4,0,0,1,7,4,100,0,2,6,33
"Sophocles",25,0,2,8,12,4,0,0,2,100,0,1,54
"Thucydides",1,4,29,0,1,1,12,6,28,2,39,12,96
"Xenophon",0,10,17,0,0,0,24,6,16,0,15,34,88
"-SUM-",55,45,97,26,104,44,59,31,183,49,46,54,793
"Aeschylus",88,0,1,6,7,3,0,0,0,30,0,0,47
"Diodorus",0,52,1,0,0,0,1,10,53,0,5,1,71
"Herodotus",1,11,76,0,1,2,12,8,25,0,12,12,84
"Hesiod",20,0,1,58,35,18,0,0,0,4,0,0,78
"HomerIL",0,0,0,3,130,22,0,0,0,3,0,0,28
"HomerOD",3,0,0,8,32,92,0,0,0,1,0,0,44
"Lysias",1,0,15,0,1,0,54,2,18,4,11,14,66
"Plutarch",1,9,5,0,0,0,11,33,51,0,10,6,93
"Polybius",0,18,7,0,0,0,2,5,120,1,3,1,37
"Sophocles",28,0,0,2,13,4,1,0,0,83,0,0,48
"Thucydides",2,6,18,0,0,2,24,9,24,3,36,7,95
"Xenophon",0,8,19,0,0,0,25,14,26,0,12,24,104
"-SUM-",56,52,67,19,89,51,76,48,197,46,53,41,795
"Aeschylus",94,0,3,12,8,3,0,1,0,37,0,0,64
"Diodorus",0,54,12,0,0,0,3,4,62,0,6,2,89
"Herodotus",0,2,64,0,0,1,7,9,21,1,10,12,63
"Hesiod",10,0,0,70,28,16,0,0,0,11,0,0,65
"HomerIL",2,0,0,8,105,17,0,0,0,1,0,0,28
"HomerOD",3,0,0,4,35,92,0,0,0,0,0,0,42
"Lysias",0,3,16,0,1,1,52,7,21,3,9,16,77
"Plutarch",2,11,13,1,0,0,8,29,40,1,11,6,93
"Polybius",0,16,8,0,0,0,6,5,100,0,1,3,39
"Sophocles",29,0,1,4,7,2,2,0,1,103,1,1,48
"Thucydides",2,3,21,0,0,2,14,10,35,0,38,11,98
"Xenophon",0,7,22,0,0,0,26,9,23,2,18,27,107
"-SUM-",48,42,96,29,79,42,66,45,203,56,56,51,813
"Aeschylus",111,0,0,3,6,2,0,0,0,33,0,0,44
"Diodorus",0,43,8,0,0,0,1,4,68,0,4,2,87
"Herodotus",2,6,67,0,2,2,10,5,13,2,10,8,60
"Hesiod",24,0,1,52,34,20,0,0,0,3,0,0,82
"HomerIL",6,0,0,3,123,15,0,0,0,1,0,0,25
"HomerOD",3,0,0,5,42,92,0,0,0,1,0,0,51
"Lysias",0,0,18,0,1,0,56,5,20,3,16,14,77
"Plutarch",1,10,15,0,1,0,5,30,46,0,7,6,91
"Polybius",1,10,7,0,0,0,6,2,109,0,3,3,32
"Sophocles",24,0,3,3,6,2,3,1,1,84,1,0,44
"Thucydides",0,8,24,0,1,0,16,8,29,2,38,10,98
"Xenophon",1,6,20,0,2,0,20,9,24,0,16,47,98
"-SUM-",62,40,96,14,95,41,61,34,201,45,57,43,789
"Aeschylus",114,1,1,5,2,2,0,1,0,19,0,0,31
"Diodorus",0,52,5,0,0,0,3,4,63,0,6,2,83
"Herodotus",2,4,72,0,1,1,6,6,21,1,7,6,55
"Hesiod",22,0,0,60,31,21,0,0,0,8,0,0,82
"HomerIL",3,0,0,4,123,17,0,0,0,1,0,0,25
"HomerOD",3,0,1,7,48,99,0,0,0,0,0,0,59
"Lysias",2,2,13,0,1,0,46,7,19,3,6,10,63
"Plutarch",0,12,11,0,0,1,7,48,42,1,7,6,87
"Polybius",0,11,7,0,0,0,8,12,105,0,4,6,48
"Sophocles",22,0,1,3,8,3,2,1,1,85,0,2,43
"Thucydides",0,6,29,0,1,0,20,6,28,2,31,13,105
"Xenophon",0,10,17,0,1,0,26,5,10,1,17,38,87
"-SUM-",54,46,85,19,93,45,72,42,184,36,47,45,768
"Aeschylus",106,0,1,2,3,4,0,0,0,32,0,0,42
"Diodorus",0,56,9,0,0,1,0,8,45,0,0,7,70
"Herodotus",1,14,58,0,0,1,6,10,21,2,5,13,73
"Hesiod",14,0,2,63,33,24,0,0,0,10,0,0,83
"HomerIL",4,0,0,2,99,28,0,0,0,2,0,0,36
"HomerOD",6,0,0,6,51,90,0,0,0,0,0,0,63
"Lysias",0,0,13,0,0,0,58,4,17,2,6,18,60
"Plutarch",2,15,12,1,0,0,7,25,50,0,10,8,105
"Polybius",0,14,5,0,0,0,6,6,121,0,3,2,36
"Sophocles",25,0,3,3,12,3,1,1,1,97,0,0,49
"Thucydides",0,8,25,0,2,1,16,6,34,0,41,9,101
"Xenophon",0,7,18,0,0,0,22,6,17,1,14,24,85
"-SUM-",52,58,88,14,101,62,58,41,185,49,38,57,803
"Aeschylus",104,1,0,4,3,2,0,0,0,27,0,0,37
"Diodorus",2,47,7,0,0,1,1,10,76,0,3,3,103
"Herodotus",2,4,70,0,4,2,9,8,20,1,16,8,74
"Hesiod",13,0,1,69,25,17,0,0,0,6,1,0,63
"HomerIL",2,0,0,3,101,20,0,0,0,2,0,0,27
"HomerOD",3,0,0,3,36,104,0,0,0,0,0,0,42
"Lysias",1,0,16,1,1,1,58,7,30,2,8,7,74
"Plutarch",0,7,22,0,0,1,3,39,37,1,11,5,87
"Polybius",1,15,4,0,0,0,5,13,90,1,2,3,44
"Sophocles",29,0,1,4,9,4,1,0,2,83,0,0,50
"Thucydides",1,5,29,0,0,4,16,7,24,1,35,8,95
"Xenophon",0,8,24,0,1,0,25,17,13,2,14,41,104
"-SUM-",54,40,104,15,79,52,60,62,202,43,55,34,800
"Aeschylus",98,0,1,6,6,2,0,0,0,28,0,0,43
"Diodorus",0,54,9,0,0,0,4,5,46,0,6,3,73
"Herodotus",1,8,67,1,2,2,10,4,19,1,8,11,67
"Hesiod",13,0,0,50,33,20,0,0,0,12,0,0,78
"HomerIL",4,0,0,2,123,14,0,0,0,2,0,0,22
"HomerOD",1,0,0,1,36,108,0,0,0,0,0,0,38
"Lysias",1,1,24,0,1,1,50,4,22,5,10,13,82
"Plutarch",3,10,13,0,0,0,10,38,38,1,9,2,86
"Polybius",0,14,7,0,0,0,5,7,103,0,8,2,43
"Sophocles",28,0,1,2,8,3,0,0,1,104,0,1,44
"Thucydides",0,6,23,0,1,0,17,10,37,2,35,15,111
"Xenophon",0,11,21,0,0,0,18,12,23,2,9,28,96
"-SUM-",51,50,99,12,87,42,64,42,186,53,50,47,783
"Aeschylus",98,0,3,2,6,7,1,1,0,23,0,0,43
"Diodorus",1,53,15,0,0,0,2,9,53,0,2,1,83
"Herodotus",1,7,63,0,0,0,7,13,13,1,11,7,60
"Hesiod",16,0,1,60,30,23,0,0,0,9,1,0,80
"HomerIL",2,0,0,4,103,16,0,0,0,2,0,0,24
"HomerOD",4,0,0,4,43,99,0,0,0,0,0,0,51
"Lysias",0,2,20,0,2,0,50,7,24,2,13,16,86
"Plutarch",0,10,15,1,1,0,8,34,49,0,13,3,100
"Polybius",0,13,7,0,0,0,9,12,95,1,4,4,50
"Sophocles",35,0,2,0,3,3,3,0,1,92,0,1,48
"Thucydides",0,6,27,0,0,1,13,8,36,1,33,9,101
"Xenophon",0,5,23,0,0,0,22,6,25,2,12,40,95
"-SUM-",59,43,113,11,85,50,65,56,201,41,56,41,821
"Aeschylus",95,0,0,3,6,3,0,0,1,31,0,0,44
"Diodorus",2,47,10,0,0,0,1,8,45,0,4,2,72
"Herodotus",1,11,66,1,2,0,6,3,17,2,12,7,62
"Hesiod",14,0,0,61,24,22,0,0,0,6,0,0,66
"HomerIL",1,0,0,5,100,25,0,0,0,1,0,0,32
"HomerOD",2,0,0,3,52,91,0,0,0,1,0,0,58
"Lysias",0,2,20,0,0,0,54,10,21,2,13,9,77
"Plutarch",1,13,17,1,0,0,5,46,53,0,7,6,103
"Polybius",1,7,8,0,0,0,4,7,122,0,6,3,36
"Sophocles",31,0,1,4,9,3,1,1,1,96,0,0,51
"Thucydides",0,9,26,0,0,0,15,8,28,1,34,15,102
"Xenophon",1,5,20,0,0,0,21,5,26,1,12,35,91
"-SUM-",54,47,102,17,93,53,53,42,192,45,54,42,794
"Aeschylus",99,0,1,2,4,5,0,0,0,34,0,0,46
"Diodorus",3,41,11,0,0,0,4,1,57,0,4,4,84
"Herodotus",1,9,75,2,1,0,9,8,22,2,6,9,69
"Hesiod",13,0,0,59,20,22,0,0,0,8,0,0,63
"HomerIL",1,0,0,0,102,27,0,0,0,3,0,0,31
"HomerOD",3,0,1,6,44,99,0,0,0,1,0,0,55
"Lysias",0,4,18,0,0,0,49,7,28,4,6,13,80
"Plutarch",0,12,18,0,0,0,7,31,50,0,10,9,106
"Polybius",1,17,2,0,1,0,0,6,97,0,2,2,31
"Sophocles",37,0,4,6,6,9,0,0,3,91,2,0,67
"Thucydides",0,10,23,0,0,1,21,9,34,0,38,8,106
"Xenophon",0,5,13,0,2,1,25,5,12,1,9,49,73
"-SUM-",59,57,91,16,78,65,66,36,206,53,39,45,811
"Aeschylus",98,0,1,3,2,5,0,1,0,28,0,0,40
"Diodorus",1,57,5,0,0,1,3,8,57,0,2,1,78
"Herodotus",0,10,62,0,1,1,13,11,21,2,16,6,81
"Hesiod",18,0,0,49,28,28,0,0,0,8,1,0,83
"HomerIL",3,0,1,8,108,16,0,0,0,0,1,0,29
"HomerOD",2,0,0,3,31,95,0,0,0,0,0,0,36
"Lysias",1,3,12,0,0,0,61,9,23,1,11,12,72
"Plutarch",2,7,13,0,1,0,8,37,36,1,10,6,84
"Polybius",0,16,6,0,0,0,5,9,123,0,6,1,43
"Sophocles",34,0,2,1,10,6,1,0,2,89,0,0,56
"Thucydides",0,6,23,0,0,2,19,9,33,2,40,5,99
"Xenophon",0,11,15,0,0,2,21,6,21,1,12,32,89
"-SUM-",61,53,78,15,73,61,70,53,193,43,59,31,790
"Aeschylus",98,0,2,4,4,6,1,0,0,23,0,0,40
"Diodorus",2,52,11,0,0,1,1,3,52,0,2,3,75
"Herodotus",2,10,55,0,0,1,6,8,18,3,9,10,67
"Hesiod",23,0,1,53,29,21,0,0,0,3,0,0,77
"HomerIL",3,0,1,9,108,21,0,0,0,1,0,0,35
"HomerOD",1,0,0,7,46,99,0,0,0,1,0,0,55
"Lysias",1,1,17,0,0,0,52,4,26,2,15,17,83
"Plutarch",1,7,19,1,0,1,6,38,55,0,13,5,108
"Polybius",0,12,8,0,0,0,3,8,115,1,6,4,42
"Sophocles",34,0,1,4,10,3,0,0,1,85,1,0,54
"Thucydides",0,9,26,0,1,0,21,6,30,0,25,12,105
"Xenophon",1,6,24,0,1,0,15,8,25,1,10,29,91
"-SUM-",68,45,110,25,91,54,53,37,207,35,56,51,832
"Aeschylus",77,1,3,3,5,5,0,1,0,37,0,0,55
"Diodorus",0,46,12,0,0,0,0,6,69,0,6,4,97
"Herodotus",2,8,73,0,1,1,8,6,17,1,9,10,63
"Hesiod",22,0,0,60,30,22,0,0,0,4,0,0,78
"HomerIL",4,0,0,8,105,27,0,0,0,3,0,0,42
"HomerOD",5,0,0,3,35,85,0,0,0,0,0,0,43
"Lysias",1,1,17,0,1,1,50,5,28,3,9,8,74
"Plutarch",0,14,18,0,0,0,5,39,39,0,12,7,95
"Polybius",0,7,8,0,0,0,2,5,127,0,7,1,30
"Sophocles",29,0,1,2,6,3,2,0,2,100,0,0,45
"Thucydides",1,7,16,0,0,2,10,10,22,0,35,9,77
"Xenophon",0,7,20,0,0,1,29,8,26,2,13,39,106
"-SUM-",64,45,95,16,78,62,56,41,203,50,56,39,805
"Aeschylus",93,0,0,5,3,6,0,0,0,29,0,1,44
"Diodorus",0,51,7,0,0,1,2,6,59,0,3,2,80
"Herodotus",2,8,67,0,2,1,8,6,22,2,8,9,68
"Hesiod",13,0,1,50,30,12,0,0,0,9,0,0,65
"HomerIL",1,0,0,5,112,19,0,0,0,4,0,0,29
"HomerOD",4,0,0,7,45,74,0,0,0,1,0,0,57
"Lysias",1,1,22,1,0,1,56,5,26,3,9,14,83
"Plutarch",0,8,19,0,0,0,8,30,36,0,6,7,84
"Polybius",0,9,5,0,0,0,2,4,128,1,5,1,27
"Sophocles",40,0,1,4,5,4,1,0,4,106,0,0,59
"Thucydides",1,5,27,0,1,1,11,4,42,1,39,11,104
"Xenophon",0,8,24,0,1,1,21,4,21,2,17,36,99
"-SUM-",62,39,106,22,87,46,53,29,210,52,48,45,799
"Aeschylus",94,0,0,1,4,5,0,0,1,17,0,0,28
"Diodorus",0,48,12,0,0,1,2,4,48,0,2,1,70
"Herodotus",2,8,80,1,0,0,11,7,20,1,7,8,65
"Hesiod",8,0,0,72,25,26,0,0,0,10,0,0,69
"HomerIL",1,0,0,2,127,29,0,0,0,4,0,0,36
"HomerOD",2,0,0,8,35,97,0,0,0,1,0,0,46
"Lysias",0,2,13,0,0,1,49,5,20,0,9,20,70
"Plutarch",2,11,16,1,0,1,2,37,40,0,5,8,86
"Polybius",0,12,3,0,1,0,7,6,112,0,7,3,39
"Sophocles",37,0,1,0,8,3,2,0,0,92,1,0,52
"Thucydides",0,8,25,0,0,0,15,4,32,2,32,11,97
"Xenophon",0,9,17,0,1,0,26,9,21,0,12,48,95
"-SUM-",52,50,87,13,74,66,65,35,182,35,43,51,753
"Aeschylus",90,0,0,2,3,5,0,0,0,31,0,0,41
"Diodorus",0,53,8,0,0,0,2,5,63,0,1,3,82
"Herodotus",2,10,59,0,2,0,10,4,10,5,12,8,63
"Hesiod",13,0,1,55,23,20,0,0,0,6,0,0,63
"HomerIL",1,0,0,5,122,21,0,0,0,1,0,0,28
"HomerOD",4,0,0,5,32,117,0,0,0,1,1,0,43
"Lysias",1,4,11,0,0,1,55,2,19,3,12,12,65
"Plutarch",1,15,11,0,0,1,6,41,39,1,7,9,90
"Polybius",1,15,4,0,0,0,2,6,108,0,6,10,44
"Sophocles",42,0,1,3,4,2,0,0,3,98,0,0,55
"Thucydides",0,7,24,0,0,1,13,5,20,1,48,11,82
"Xenophon",0,3,33,0,1,0,13,10,23,1,19,36,103
"-SUM-",65,54,93,15,65,51,46,32,177,50,58,53,759
"Aeschylus",102,0,1,5,6,4,2,0,0,48,0,0,66
"Diodorus",0,48,8,0,0,0,0,9,61,0,1,3,82
"Herodotus",3,13,61,0,0,1,5,9,12,2,16,15,76
"Hesiod",14,0,1,56,21,26,0,0,0,6,0,0,68
"HomerIL",2,0,1,10,107,21,0,0,0,4,0,0,38
"HomerOD",4,0,0,4,43,82,0,0,0,1,0,0,52
"Lysias",1,2,16,0,0,0,55,3,17,4,11,10,64
"Plutarch",3,9,10,0,0,0,9,44,41,0,6,8,86
"Polybius",0,16,4,0,0,0,7,9,96,0,5,1,42
"Sophocles",23,0,3,2,13,4,2,0,1,93,0,0,48
"Thucydides",1,10,32,0,0,1,11,9,36,1,36,8,109
"Xenophon",1,11,17,0,0,0,24,7,13,1,16,40,90
"-SUM-",52,61,93,21,83,57,60,46,181,67,55,45,821
"Aeschylus",93,0,0,5,7,4,0,0,1,37,0,0,54
"Diodorus",1,60,10,0,0,1,0,6,47,0,1,3,69
"Herodotus",2,9,72,0,0,1,8,9,21,1,12,9,72
"Hesiod",13,0,0,62,30,21,0,0,0,11,0,0,75
"HomerIL",6,0,0,5,105,23,0,1,0,5,0,0,40
"HomerOD",3,0,0,4,51,95,0,0,0,1,0,0,59
"Lysias",0,2,21,0,0,0,43,7,21,1,14,10,76
"Plutarch",2,18,10,0,1,0,6,30,29,0,3,6,75
"Polybius",0,14,4,0,0,0,7,6,124,0,2,5,38
"Sophocles",38,0,1,2,6,3,0,0,0,87,0,1,51
"Thucydides",1,8,22,0,1,0,16,5,32,0,29,10,95
"Xenophon",0,11,27,0,3,0,19,6,22,1,16,32,105
"-SUM-",66,62,95,16,99,53,56,40,173,57,48,44,809
"Aeschylus",92,3,0,1,6,5,1,0,1,18,0,0,35
"Diodorus",1,40,11,0,0,1,2,3,79,0,4,0,101
"Herodotus",1,7,81,0,0,2,9,6,22,0,11,7,65
"Hesiod",15,0,0,45,30,25,0,0,0,4,0,0,74
"HomerIL",1,0,0,2,135,15,0,0,0,0,0,0,18
"HomerOD",2,0,0,3,40,84,0,0,0,1,0,1,47
"Lysias",2,5,15,0,0,2,67,5,18,3,10,10,70
"Plutarch",2,8,13,0,0,0,8,38,55,0,7,8,101
"Polybius",1,22,12,0,0,0,2,7,100,0,2,1,47
"Sophocles",26,0,1,2,6,5,0,1,1,96,0,1,43
"Thucydides",0,9,26,0,0,2,6,12,21,0,38,9,85
"Xenophon",1,7,32,0,2,0,24,10,20,0,12,31,108
"-SUM-",52,61,110,8,84,57,52,44,217,26,46,37,794
"Aeschylus",102,0,0,5,4,1,0,0,0,20,0,0,30
"Diodorus",0,50,9,0,0,1,2,5,50,0,6,4,77
"Herodotus",0,12,79,0,3,3,6,7,20,1,9,18,79
"Hesiod",16,0,0,56,23,22,0,0,0,7,0,0,68
"HomerIL",3,0,0,3,106,27,0,0,0,1,0,0,34
"HomerOD",5,0,0,1,44,98,0,0,0,0,0,0,50
"Lysias",1,2,19,0,0,0,52,6,13,2,9,9,61
"Plutarch",0,9,16,0,0,1,9,37,52,1,10,5,103
"Polybius",1,12,11,0,0,0,6,10,100,0,2,3,45
"Sophocles",33,0,2,3,7,3,3,0,1,91,0,0,52
"Thucydides",0,8,21,0,0,0,13,16,26,1,34,13,98
"Xenophon",1,8,23,0,3,1,23,5,24,0,18,33,106
"-SUM-",60,51,101,12,84,59,62,49,186,33,54,52,803
"Aeschylus",101,0,1,10,6,5,0,2,0,35,0,0,59
"Diodorus",0,56,6,0,0,0,3,5,60,0,6,4,84
"Herodotus",2,7,63,0,1,0,11,5,20,1,9,9,65
"Hesiod",14,0,0,59,35,23,0,0,0,8,0,0,80
"HomerIL",3,0,0,6,110,25,0,0,0,1,0,0,35
"HomerOD",4,0,0,1,39,91,0,0,0,0,0,0,44
"Lysias",0,5,19,0,0,0,55,2,21,0,15,10,72
"Plutarch",0,17,17,0,0,0,5,34,35,1,6,8,89
"Polybius",1,16,5,0,0,0,7,7,115,0,3,2,41
"Sophocles",27,0,2,4,6,5,2,0,1,88,0,0,47
"Thucydides",0,8,11,0,1,1,16,11,28,1,31,13,90
"Xenophon",1,10,14,0,0,0,24,6,16,3,10,48,84
"-SUM-",52,63,75,21,88,59,68,38,181,50,49,46,790
"Aeschylus",84,0,0,2,2,2,0,0,1,29,0,0,36
"Diodorus",0,41,4,0,0,0,2,8,64,0,4,2,84
"Herodotus",2,8,70,0,1,1,10,5,21,2,14,13,77
"Hesiod",16,0,2,54,30,10,0,0,0,10,0,0,68
"HomerIL",6,0,0,6,121,21,0,0,0,1,0,0,34
"HomerOD",1,0,1,5,34,101,0,0,0,1,0,0,42
"Lysias",0,4,16,0,0,0,59,3,19,2,6,13,63
"Plutarch",0,12,13,0,0,0,7,43,48,1,14,6,101
"Polybius",0,12,3,0,0,0,5,6,118,1,4,2,33
"Sophocles",30,0,1,4,8,5,1,1,2,97,0,0,52
"Thucydides",0,4,24,0,0,0,15,8,32,1,36,16,100
"Xenophon",0,7,24,0,1,0,21,8,19,1,12,34,93
"-SUM-",55,47,88,17,76,39,61,39,206,49,54,52,783
"Aeschylus",107,0,1,4,3,2,0,0,1,26,0,0,37
"Diodorus",0,50,7,0,0,0,1,6,49,0,2,6,71
"Herodotus",1,11,51,0,1,2,11,10,20,2,10,19,87
"Hesiod",15,0,0,52,32,18,0,0,0,5,0,0,70
"HomerIL",1,0,0,4,126,29,0,0,0,0,0,0,34
"HomerOD",2,0,0,6,36,106,0,0,0,0,0,0,44
"Lysias",2,2,12,0,0,0,44,6,28,3,5,15,73
"Plutarch",2,15,13,0,0,0,7,32,47,0,13,7,104
"Polybius",0,14,8,0,0,0,2,3,103,1,2,5,35
"Sophocles",32,0,0,2,9,3,0,0,1,89,0,0,47
"Thucydides",0,11,19,0,1,0,18,7,33,0,40,9,98
"Xenophon",0,8,21,0,2,2,24,10,19,1,14,40,101
"-SUM-",55,61,81,16,84,56,63,42,198,38,46,61,801
"Aeschylus",92,0,0,4,8,3,1,0,0,28,0,0,44
"Diodorus",0,51,12,0,0,0,1,6,45,0,2,6,72
"Herodotus",1,11,59,2,1,0,11,9,21,2,15,12,85
"Hesiod",11,0,0,51,30,18,0,0,0,8,0,0,67
"HomerIL",3,0,0,2,94,19,0,0,0,3,0,0,27
"HomerOD",3,0,1,7,39,100,0,0,0,3,0,0,53
"Lysias",0,1,16,0,1,1,56,6,31,6,9,18,89
"Plutarch",1,14,14,0,1,0,7,38,46,1,8,2,94
"Polybius",0,12,2,0,0,0,7,3,121,0,2,1,27
"Sophocles",35,0,1,1,6,3,0,0,2,90,1,1,50
"Thucydides",0,8,18,0,0,0,16,12,35,0,34,14,103
"Xenophon",0,4,22,0,0,0,29,8,26,2,15,38,106
"-SUM-",54,50,86,16,86,44,72,44,206,53,52,54,817
"Aeschylus",136,0,2,5,3,5,0,0,0,28,0,1,44
"Diodorus",0,45,12,0,0,0,3,9,59,0,2,2,87
"Herodotus",2,6,65,1,0,0,7,6,17,1,12,14,66
"Hesiod",20,0,0,50,26,18,0,0,0,7,0,0,71
"HomerIL",1,0,0,7,110,19,1,0,0,1,0,0,29
"HomerOD",0,0,0,4,45,92,0,0,0,1,0,0,50
"Lysias",0,5,17,0,0,0,60,5,32,2,11,19,91
"Plutarch",1,7,12,0,2,0,5,38,45,0,9,5,86
"Polybius",0,7,4,0,1,0,2,3,110,0,4,2,23
"Sophocles",30,0,1,2,10,5,0,0,0,106,0,0,48
"Thucydides",1,5,21,1,0,1,11,8,39,0,32,13,100
"Xenophon",0,9,16,0,1,0,13,1,18,1,10,33,69
"-SUM-",55,39,85,20,88,48,42,32,210,41,48,56,764
"Aeschylus",109,0,0,2,6,7,0,2,0,25,0,0,42
"Diodorus",0,52,11,0,0,0,2,7,57,0,3,4,84
"Herodotus",0,8,63,0,1,3,7,7,17,1,8,11,63
"Hesiod",12,0,0,62,29,18,0,0,0,8,0,0,67
"HomerIL",0,0,0,4,123,29,0,0,0,0,0,0,33
"HomerOD",4,0,0,2,38,90,0,0,0,2,0,0,46
"Lysias",2,1,19,0,0,0,67,7,17,1,5,16,68
"Plutarch",1,11,18,0,1,0,3,39,45,0,10,8,97
"Polybius",0,12,8,0,1,0,5,4,97,1,2,0,33
"Sophocles",28,0,1,3,13,6,4,0,1,84,0,0,56
"Thucydides",0,6,21,0,0,1,9,11,35,0,39,12,95
"Xenophon",1,8,21,0,0,0,27,14,18,0,5,38,94
"-SUM-",48,46,99,11,89,64,57,52,190,38,33,51,778
"Aeschylus",94,0,1,5,9,6,1,0,0,23,0,1,46
"Diodorus",0,42,13,0,0,0,1,4,52,0,5,4,79
"Herodotus",3,13,68,1,0,2,12,9,20,0,14,9,83
"Hesiod",20,0,1,64,31,21,0,0,0,8,0,0,81
"HomerIL",1,0,0,8,126,23,0,0,0,1,0,0,33
"HomerOD",5,0,0,4,38,98,0,0,0,1,0,0,48
"Lysias",0,4,23,0,1,1,57,5,18,2,9,7,70
"Plutarch",0,7,12,0,0,0,10,40,48,1,9,6,93
"Polybius",1,9,4,0,2,0,5,5,104,0,3,2,31
"Sophocles",41,0,1,4,5,4,1,1,1,97,0,2,60
"Thucydides",0,6,25,0,0,0,10,10,20,1,41,7,79
"Xenophon",0,2,17,0,0,1,25,6,14,1,12,29,78
"-SUM-",71,41,97,22,86,58,65,40,173,38,52,38,781
"Aeschylus",85,1,0,3,3,3,0,1,1,26,0,0,38
"Diodorus",0,48,6,0,0,0,0,2,60,0,5,7,80
"Herodotus",1,8,77,0,1,1,4,7,13,2,10,12,59
"Hesiod",16,0,1,59,35,16,0,0,0,6,0,0,74
"HomerIL",3,0,0,2,116,17,0,0,0,0,0,0,22
"HomerOD",4,0,0,4,38,118,0,0,0,1,0,0,47
"Lysias",1,5,14,0,0,1,48,9,23,1,7,12,73
"Plutarch",0,16,20,0,1,0,6,41,42,0,13,10,108
"Polybius",0,15,6,0,0,0,4,6,123,0,4,4,39
"Sophocles",22,0,1,5,5,4,1,1,5,89,0,0,44
"Thucydides",1,9,22,0,1,0,13,8,25,2,36,9,90
"Xenophon",1,6,23,0,1,0,17,5,22,2,13,37,90
"-SUM-",49,60,93,14,85,42,45,39,191,40,52,54,764
"Aeschylus",104,0,2,5,9,4,0,1,0,21,0,0,42
"Diodorus",0,41,9,0,0,0,1,7,56,0,7,4,84
"Herodotus",1,7,79,0,0,2,6,8,25,4,8,16,77
"Hesiod",15,0,1,54,29,21,0,0,0,7,0,0,73
"HomerIL",4,0,0,5,111,20,0,0,1,1,0,0,31
"HomerOD",0,0,0,4,43,100,0,0,0,1,0,1,49
"Lysias",0,3,20,1,0,1,49,5,20,2,9,11,72
"Plutarch",1,9,15,0,0,0,6,33,49,0,7,5,92
"Polybius",1,6,8,0,0,0,6,6,102,0,2,3,32
"Sophocles",31,0,0,3,5,3,2,0,1,96,0,1,46
"Thucydides",0,8,24,0,0,0,19,12,35,0,34,10,108
"Xenophon",0,8,24,0,1,0,16,12,20,3,14,34,98
"-SUM-",53,41,103,18,87,51,56,51,207,39,47,51,804
"Aeschylus",93,0,1,1,8,3,0,0,0,30,0,0,43
"Diodorus",0,44,11,0,0,0,2,11,55,0,2,2,83
"Herodotus",1,9,68,0,0,1,7,13,17,2,15,9,74
"Hesiod",16,0,0,60,28,24,0,0,0,6,1,0,75
"HomerIL",4,0,0,2,109,28,0,0,0,3,0,0,37
"HomerOD",4,0,0,1,48,82,0,0,0,4,0,0,57
"Lysias",0,3,22,0,0,0,55,3,15,1,9,24,77
"Plutarch",2,16,18,1,1,0,9,29,51,0,12,3,113
"Polybius",3,9,10,0,0,0,5,8,103,1,0,5,41
"Sophocles",27,0,0,3,12,2,2,0,2,99,0,0,48
"Thucydides",0,8,20,0,0,1,15,10,22,2,34,8,86
"Xenophon",0,5,20,0,0,0,20,9,27,3,14,33,98
"-SUM-",57,50,102,8,97,59,60,54,189,52,53,51,832
"Aeschylus",105,0,0,3,3,6,0,0,0,21,0,0,33
"Diodorus",1,39,12,0,0,0,3,3,58,0,2,2,81
"Herodotus",1,8,53,0,3,3,9,8,19,1,19,12,83
"Hesiod",13,0,0,52,36,22,0,0,0,11,0,0,82
"HomerIL",2,0,0,7,112,23,0,0,0,2,0,0,34
"HomerOD",2,0,1,5,41,93,0,0,0,0,0,0,49
"Lysias",2,6,15,0,1,0,54,4,21,3,10,19,81
"Plutarch",1,10,17,0,0,1,13,32,52,0,7,9,110
"Polybius",2,10,4,0,0,0,8,5,113,0,3,1,33
"Sophocles",24,0,2,5,5,6,1,0,2,89,0,0,45
"Thucydides",2,8,13,0,2,0,23,9,26,2,36,7,92
"Xenophon",1,6,29,0,1,0,32,10,23,0,10,28,112
"-SUM-",51,48,93,20,92,61,89,39,201,40,51,50,835
"Aeschylus",93,0,1,7,5,4,0,0,1,32,0,0,50
"Diodorus",0,48,5,0,0,0,3,4,54,0,2,6,74
"Herodotus",1,10,61,0,0,0,11,3,24,4,11,9,73
"Hesiod",19,0,0,62,26,18,0,0,0,9,1,0,73
"HomerIL",3,0,0,4,101,23,0,0,0,0,0,0,30
"HomerOD",1,0,1,0,37,99,0,0,0,0,0,0,39
"Lysias",0,1,23,0,0,0,67,4,25,1,13,8,75
"Plutarch",1,14,18,0,0,0,10,27,44,0,9,4,100
"Polybius",0,11,3,0,0,0,5,6,108,0,6,2,33
"Sophocles",34,0,2,1,11,4,0,0,1,96,1,0,54
"Thucydides",1,4,21,0,1,2,13,7,37,3,43,10,99
"Xenophon",0,9,17,0,3,0,21,4,27,1,16,38,98
"-SUM-",60,49,91,12,83,51,63,28,213,50,59,39,798
"Aeschylus",109,0,0,4,7,6,1,0,0,27,0,0,45
"Diodorus",2,47,8,0,0,0,0,3,53,0,2,3,71
"Herodotus",2,7,56,0,1,1,3,2,28,3,10,9,66
"Hesiod",16,0,0,60,29,27,1,0,0,12,1,0,86
"HomerIL",1,0,0,4,98,18,0,0,2,2,0,0,27
"HomerOD",5,0,0,3,55,114,0,0,0,1,0,0,64
"Lysias",0,3,26,0,0,0,55,3,21,3,2,9,67
"Plutarch",1,16,22,0,1,1,6,30,45,0,10,9,111
"Polybius",0,12,5,0,0,0,2,7,102,0,5,3,34
"Sophocles",35,0,1,1,5,5,1,0,2,84,0,1,51
"Thucydides",0,3,25,0,0,0,16,8,37,3,32,5,97
"Xenophon",1,7,33,0,0,0,28,2,16,0,17,31,104
"-SUM-",63,48,120,12,98,58,58,25,204,51,47,39,823
"Aeschylus",104,0,0,9,6,3,0,1,0,28,0,0,47
"Diodorus",1,53,6,0,0,0,3,3,44,0,4,4,65
"Herodotus",3,7,69,0,2,2,9,9,22,2,5,9,70
"Hesiod",19,0,1,59,33,19,0,0,0,8,0,0,80
"HomerIL",1,0,0,4,102,16,0,0,0,1,0,0,22
"HomerOD",7,0,0,5,38,92,0,0,0,0,0,0,50
"Lysias",2,2,17,0,0,1,54,7,22,3,8,18,80
"Plutarch",2,11,14,0,0,0,3,32,44,0,8,8,90
"Polybius",1,18,7,0,0,0,2,6,144,0,5,3,42
"Sophocles",35,0,3,1,3,1,0,0,1,92,0,2,46
"Thucydides",1,11,26,1,0,0,10,6,24,0,41,11,90
"Xenophon",0,2,21,0,2,0,19,10,13,1,15,34,83
"-SUM-",72,51,95,20,84,42,46,42,170,43,45,55,765
"Aeschylus",91,0,0,2,3,4,0,0,0,27,0,0,36
"Diodorus",0,46,8,0,0,0,1,1,78,0,8,0,96
"Herodotus",1,3,66,0,2,2,6,9,25,2,18,9,77
"Hesiod",15,0,0,57,33,17,0,0,0,6,0,0,71
"HomerIL",1,0,0,6,108,27,0,0,0,0,0,0,34
"HomerOD",1,0,0,4,43,104,0,0,0,1,1,0,50
"Lysias",0,1,34,0,0,0,60,3,27,2,10,8,85
"Plutarch",1,10,14,0,2,0,6,29,43,0,8,7,91
"Polybius",1,5,6,0,0,0,4,7,113,0,6,3,32
"Sophocles",42,0,2,2,8,4,1,0,0,96,0,0,59
"Thucydides",0,5,22,1,0,0,15,7,36,0,37,5,91
"Xenophon",0,4,24,0,1,1,19,5,18,0,12,28,84
"-SUM-",62,28,110,15,92,55,52,32,227,38,63,32,806
"Aeschylus",76,0,0,3,7,2,0,1,0,37,0,0,50
"Diodorus",1,38,9,0,0,0,1,6,67,0,6,0,90
"Herodotus",0,8,71,0,0,1,5,4,26,3,18,11,76
"Hesiod",21,0,1,49,28,31,0,0,0,9,0,0,90
"HomerIL",1,0,0,7,118,14,0,0,0,2,1,0,25
"HomerOD",1,0,0,1,36,108,0,0,1,1,0,0,40
"Lysias",0,1,23,0,1,1,48,5,23,3,11,7,75
"Plutarch",2,10,19,0,1,0,6,40,38,1,5,3,85
"Polybius",1,12,4,0,0,1,4,7,120,0,6,5,40
"Sophocles",35,0,1,2,4,4,0,0,1,86,1,0,48
"Thucydides",0,7,17,0,1,1,14,16,26,0,46,12,94
"Xenophon",0,7,15,0,1,0,20,7,23,4,16,35,93
"-SUM-",62,45,89,13,79,55,50,46,205,60,64,38,806
"Aeschylus",113,1,0,5,10,5,0,2,0,29,0,0,52
"Diodorus",0,58,10,0,0,0,1,9,64,0,3,2,89
"Herodotus",0,9,60,1,1,2,7,11,19,3,17,10,80
"Hesiod",19,0,0,53,21,13,0,0,0,11,0,0,64
"HomerIL",3,0,0,5,109,14,0,0,0,0,0,0,22
"HomerOD",2,0,0,6,40,82,0,0,0,3,1,0,52
"Lysias",0,4,20,0,1,0,56,6,25,5,13,10,84
"Plutarch",0,17,14,0,0,0,4,35,44,0,7,6,92
"Polybius",0,12,8,0,2,0,4,3,103,0,3,1,33
"Sophocles",24,0,2,3,4,4,2,0,0,90,0,0,39
"Thucydides",0,6,23,0,0,0,12,11,30,0,50,13,95
"Xenophon",0,9,19,0,2,0,23,9,26,1,13,28,102
"-SUM-",48,58,96,20,81,38,53,51,208,52,57,42,804
"Aeschylus",101,1,0,3,6,2,0,0,0,27,0,0,39
"Diodorus",0,41,6,0,0,0,4,5,60,0,7,2,84
"Herodotus",1,7,63,0,0,1,8,9,19,0,15,11,71
"Hesiod",19,0,0,48,35,16,0,0,0,4,1,0,75
"HomerIL",1,0,0,4,118,30,0,0,0,2,0,0,37
"HomerOD",3,0,0,1,45,96,0,0,0,1,0,0,50
"Lysias",0,1,19,1,0,0,53,5,28,3,16,16,89
"Plutarch",0,11,16,0,0,1,7,25,52,1,9,4,101
"Polybius",1,15,6,0,0,0,9,4,112,0,5,5,45
"Sophocles",37,0,2,3,9,2,0,0,0,85,0,0,53
"Thucydides",0,10,22,0,0,0,11,8,30,0,34,7,88
"Xenophon",1,13,17,0,0,1,21,8,26,1,7,38,95
"-SUM-",63,58,88,12,95,53,60,39,215,39,60,45,827
"Aeschylus",97,2,0,3,5,4,1,0,0,33,0,0,48
"Diodorus",0,50,9,0,0,0,3,7,58,0,3,4,84
"Herodotus",0,11,68,0,2,1,5,8,18,0,15,18,78
"Hesiod",15,0,1,49,28,19,0,0,0,5,0,0,68
"HomerIL",2,0,0,5,115,17,0,0,0,1,0,0,25
"HomerOD",1,0,0,6,47,94,0,0,0,1,0,0,55
"Lysias",1,1,19,0,1,1,64,4,25,3,8,13,76
"Plutarch",0,14,16,0,0,0,12,32,39,0,9,3,93
"Polybius",0,19,5,0,0,0,3,9,116,0,7,1,44
"Sophocles",37,0,1,1,12,6,0,0,1,76,1,2,61
"Thucydides",0,6,16,0,0,0,9,14,27,0,35,13,85
"Xenophon",1,7,29,0,1,0,17,8,28,1,9,27,101
"-SUM-",57,60,96,15,96,48,50,50,196,44,52,54,818
"Aeschylus",101,0,1,4,0,6,0,0,0,29,0,0,40
"Diodorus",0,45,10,0,0,0,2,7,62,0,4,5,90
"Herodotus",3,10,71,1,1,1,10,10,12,4,13,11,76
"Hesiod",18,0,0,53,26,28,0,0,0,3,0,0,75
"HomerIL",2,0,0,5,110,32,0,0,0,0,0,0,39
"HomerOD",1,0,0,4,41,90,0,0,0,1,0,0,47
"Lysias",0,4,18,0,0,0,53,6,26,3,11,16,84
"Plutarch",0,6,16,0,1,1,5,46,36,0,8,6,79
"Polybius",0,18,7,0,0,0,4,8,95,0,7,4,48
"Sophocles",34,0,1,6,3,4,0,0,1,81,0,1,50
"Thucydides",1,2,28,0,0,2,11,4,40,0,40,13,101
"Xenophon",1,11,23,0,0,0,13,9,17,1,11,41,86
"-SUM-",60,51,104,20,72,74,45,44,194,41,54,56,815
"Aeschylus",94,0,0,4,2,7,1,0,0,31,0,0,45
"Diodorus",1,45,14,0,0,0,0,5,72,0,5,2,99
"Herodotus",1,5,58,0,0,2,12,10,22,1,17,8,78
"Hesiod",25,0,0,57,31,17,0,0,0,7,0,0,80
"HomerIL",3,0,0,4,121,19,1,0,0,2,0,0,29
"HomerOD",2,0,0,1,35,94,0,0,0,0,0,0,38
"Lysias",2,0,22,0,0,0,57,3,27,4,6,11,75
"Plutarch",1,10,20,0,0,0,8,39,37,1,6,3,86
"Polybius",1,14,7,0,0,0,6,5,106,0,1,2,36
"Sophocles",26,0,3,0,5,3,0,0,1,87,2,0,40
"Thucydides",0,6,20,0,0,0,21,12,23,2,27,19,103
"Xenophon",2,7,24,0,1,0,24,8,31,2,11,37,110
"-SUM-",64,42,110,9,74,48,73,43,213,50,48,45,819
"Aeschylus",112,0,2,1,6,4,1,1,0,19,0,0,34
"Diodorus",0,40,6,0,0,0,0,7,66,1,4,4,88
"Herodotus",2,9,72,1,1,0,11,5,19,0,15,11,74
"Hesiod",20,0,0,57,28,22,0,0,0,7,0,0,77
"HomerIL",3,0,0,4,109,22,0,0,0,1,0,0,30
"HomerOD",2,0,0,2,28,117,0,0,0,1,0,0,33
"Lysias",2,3,18,1,0,0,40,5,19,5,12,23,88
"Plutarch",2,10,22,0,0,0,3,35,38,0,8,12,95
"Polybius",1,13,2,0,0,0,5,5,110,0,4,2,32
"Sophocles",35,0,2,2,8,5,1,1,1,80,1,1,57
"Thucydides",1,6,25,0,1,0,8,9,28,0,34,15,93
"Xenophon",1,5,24,0,3,0,19,7,24,2,11,38,96
"-SUM-",69,46,101,11,75,53,48,40,195,36,55,68,797
"Aeschylus",88,2,3,4,3,3,0,0,0,26,0,0,41
"Diodorus",0,47,12,0,0,0,2,4,69,0,2,3,92
"Herodotus",1,6,75,0,0,1,5,8,19,3,11,8,62
"Hesiod",12,0,0,59,31,21,1,0,0,9,0,0,74
"HomerIL",2,0,1,7,120,25,0,0,0,3,0,0,38
"HomerOD",1,0,1,2,32,93,0,0,0,2,0,0,38
"Lysias",1,4,15,0,1,1,65,3,21,1,4,6,57
"Plutarch",1,11,17,0,2,0,11,38,41,1,11,11,106
"Polybius",0,17,6,0,0,0,5,2,113,1,2,2,35
"Sophocles",31,0,3,5,7,4,0,3,2,92,0,0,55
"Thucydides",0,12,18,0,0,1,16,7,29,0,31,10,93
"Xenophon",0,7,21,0,0,0,20,6,24,1,19,31,98
"-SUM-",49,59,97,18,76,56,60,33,205,47,49,40,789
"Aeschylus",101,0,0,5,3,2,0,1,0,32,0,1,44
"Diodorus",0,42,10,0,0,0,0,4,64,0,2,4,84
"Herodotus",3,15,73,2,1,0,8,6,19,1,14,11,80
"Hesiod",15,0,0,48,25,21,0,0,0,11,0,0,72
"HomerIL",3,0,0,5,117,24,0,0,0,2,0,0,34
"HomerOD",4,0,0,3,38,100,0,0,0,3,0,0,48
"Lysias",0,5,17,0,0,1,53,5,29,0,10,12,79
"Plutarch",3,16,6,0,0,0,10,33,31,1,6,6,79
"Polybius",0,8,8,0,1,0,2,8,112,0,3,2,32
"Sophocles",38,0,2,3,7,2,4,0,2,85,0,0,58
"Thucydides",0,12,17,0,1,0,16,7,34,1,33,9,97
"Xenophon",0,11,26,0,2,1,24,7,26,1,12,27,110
"-SUM-",66,67,86,18,78,51,64,38,205,52,47,45,817
"Aeschylus",92,1,0,5,4,3,1,0,1,27,0,0,42
"Diodorus",1,50,6,0,0,0,1,9,45,0,7,5,74
"Herodotus",1,7,71,0,2,2,6,2,17,1,12,11,61
"Hesiod",10,0,0,64,29,24,0,0,0,9,1,0,73
"HomerIL",2,0,0,5,124,28,0,0,0,3,0,0,38
"HomerOD",4,0,0,1,40,93,0,0,0,0,0,0,45
"Lysias",0,3,13,0,3,1,55,1,25,4,14,12,76
"Plutarch",4,13,23,0,0,1,2,35,36,0,10,7,96
"Polybius",0,13,5,0,1,0,2,8,127,0,5,3,37
"Sophocles",32,0,0,5,7,8,2,0,2,87,0,0,56
"Thucydides",1,7,18,0,0,1,8,10,22,0,45,8,75
"Xenophon",0,6,28,0,1,0,22,7,19,1,11,30,95
"-SUM-",55,50,93,16,87,68,44,37,167,45,60,46,768
"Aeschylus",111,0,0,5,6,3,0,0,0,34,0,0,48
"Diodorus",0,51,10,0,0,0,7,9,51,0,3,5,85
"Herodotus",2,11,79,0,1,1,4,8,22,3,12,15,79
"Hesiod",13,0,0,57,36,20,0,0,0,8,0,0,77
"HomerIL",2,0,0,2,104,21,0,0,0,4,0,0,29
"HomerOD",3,0,1,1,41,77,0,0,0,3,0,0,49
"Lysias",1,1,10,0,1,1,63,1,17,5,11,10,58
"Plutarch",1,9,16,0,2,0,5,33,41,1,11,6,92
"Polybius",0,15,9,0,0,0,6,7,105,0,7,1,45
"Sophocles",38,0,3,5,7,1,1,0,0,74,0,0,55
"Thucydides",1,7,28,0,0,1,17,11,28,0,43,6,99
"Xenophon",1,10,25,0,0,1,21,6,18,1,12,33,95
"-SUM-",62,53,102,13,94,49,61,42,177,59,56,43,811
"Aeschylus",88,1,0,3,2,8,1,0,0,27,0,0,42
"Diodorus",0,44,6,0,0,0,2,9,55,0,4,2,78
"Herodotus",1,5,73,0,0,2,10,5,18,4,18,15,78
"Hesiod",19,0,1,66,24,15,1,0,0,10,0,0,70
"HomerIL",3,0,0,2,118,19,0,0,0,2,0,0,26
"HomerOD",7,0,0,4,42,119,0,0,0,0,0,0,53
"Lysias",1,1,13,0,0,0,52,5,18,2,10,9,59
"Plutarch",0,17,19,0,0,1,8,39,44,0,8,6,103
"Polybius",1,12,5,0,0,0,6,7,102,0,2,2,35
"Sophocles",28,0,2,3,10,8,0,0,0,102,0,2,53
"Thucydides",0,5,30,0,0,0,8,6,29,1,35,12,91
"Xenophon",0,7,18,0,0,0,24,7,16,1,10,32,83
"-SUM-",60,48,94,12,78,53,60,39,180,47,52,48,771
"Aeschylus",108,0,1,1,5,4,0,1,0,38,0,0,50
"Diodorus",0,42,11,0,0,0,3,2,52,0,1,1,70
"Herodotus",4,10,69,0,1,1,10,10,21,1,12,9,79
"Hesiod",26,0,0,57,29,16,0,0,0,9,0,0,80
"HomerIL",2,0,0,4,103,19,0,0,1,0,0,0,26
"HomerOD",2,0,0,3,33,111,0,0,0,0,0,1,39
"Lysias",0,3,19,0,1,1,51,8,19,3,15,12,81
"Plutarch",0,9,12,0,1,0,5,45,43,0,13,6,89
"Polybius",0,15,5,0,0,0,5,4,109,1,6,4,40
"Sophocles",40,0,1,2,9,7,1,0,1,88,2,0,63
"Thucydides",0,8,29,0,0,1,10,7,25,1,32,6,87
"Xenophon",1,6,23,0,2,1,20,4,23,1,13,28,94
"-SUM-",75,51,101,10,81,50,54,36,185,54,62,39,798
"Aeschylus",97,1,1,3,3,1,0,1,0,23,0,0,33
"Diodorus",0,44,6,0,0,0,1,5,76,0,3,2,93
"Herodotus",1,13,75,0,0,0,12,5,15,5,8,2,61
"Hesiod",14,0,0,62,34,11,0,0,0,6,0,0,65
"HomerIL",2,0,0,2,106,21,0,0,0,1,0,0,26
"HomerOD",3,0,0,4,39,80,0,0,0,1,0,0,47
"Lysias",0,4,22,0,1,0,65,2,21,1,9,14,74
"Plutarch",2,10,22,0,0,0,7,48,32,1,8,10,92
"Polybius",1,11,8,0,0,0,8,5,107,0,5,2,40
"Sophocles",32,0,1,4,12,1,1,0,0,96,0,0,51
"Thucydides",2,4,22,0,1,1,15,6,36,0,38,9,96
"Xenophon",0,7,24,0,2,1,32,7,29,0,16,27,118
"-SUM-",57,50,106,13,92,36,76,31,209,38,49,39,796
"Aeschylus",82,0,1,6,7,6,0,1,0,36,0,0,57
"Diodorus",2,35,10,0,0,1,1,10,64,0,3,3,94
"Herodotus",3,10,75,1,2,1,8,2,21,2,10,7,67
"Hesiod",21,0,0,51,32,27,0,0,0,5,0,0,85
"HomerIL",2,0,0,0,111,23,0,0,0,2,0,0,27
"HomerOD",3,0,0,6,34,101,0,0,0,1,0,0,44
"Lysias",0,2,17,0,0,0,48,7,23,2,7,9,67
"Plutarch",0,10,21,1,1,0,5,35,46,0,8,5,97
"Polybius",0,11,7,0,1,0,2,10,109,0,2,2,35
"Sophocles",40,0,4,2,5,2,1,0,1,91,0,1,56
"Thucydides",0,8,28,0,0,0,15,10,32,0,43,10,103
"Xenophon",1,5,20,0,1,0,24,6,23,1,13,34,94
"-SUM-",72,46,108,16,83,60,56,46,210,49,43,37,826
"Aeschylus",96,0,2,2,11,1,1,1,0,37,0,1,56
"Diodorus",0,48,10,0,0,1,0,7,74,0,4,2,98
"Herodotus",2,5,75,0,0,2,8,2,23,1,13,11,67
"Hesiod",13,0,1,59,39,20,0,0,0,6,0,0,79
"HomerIL",1,0,1,3,113,17,0,0,0,2,0,0,24
"HomerOD",2,0,0,2,36,99,0,0,0,1,0,0,41
"Lysias",1,2,13,0,2,0,47,6,24,3,13,15,79
"Plutarch",0,5,12,0,1,0,4,32,38,0,10,3,73
"Polybius",2,15,10,0,0,0,4,4,110,0,2,2,39
"Sophocles",19,0,1,1,7,4,0,2,0,103,0,0,34
"Thucydides",0,6,30,0,2,0,11,9,26,1,37,12,97
"Xenophon",0,7,25,0,1,0,16,10,21,1,21,33,102
"-SUM-",40,40,105,8,99,45,44,41,206,52,63,46,789
"Aeschylus",105,0,1,1,3,10,1,0,0,30,0,0,46
"Diodorus",0,51,6,0,0,1,0,10,57,0,5,3,82
"Herodotus",0,7,77,0,1,0,9,6,20,3,3,7,56
"Hesiod",21,0,1,63,29,12,0,0,0,6,0,0,69
"HomerIL",1,0,0,4,126,21,0,0,0,1,0,0,27
"HomerOD",2,0,0,5,49,90,0,0,0,0,0,0,56
"Lysias",0,1,15,0,0,0,60,10,23,3,8,12,72
"Plutarch",1,12,16,0,0,0,6,28,41,1,12,4,93
"Polybius",0,16,4,0,0,0,2,8,108,0,4,4,38
"Sophocles",31,0,1,1,9,2,1,0,2,87,0,0,47
"Thucydides",0,11,23,0,0,1,11,7,25,1,38,11,90
"Xenophon",0,8,35,0,1,0,26,6,20,0,13,23,109
"-SUM-",56,55,102,11,92,47,56,47,188,45,45,41,785
"Aeschylus",109,0,0,3,6,3,0,1,1,27,0,0,41
"Diodorus",1,49,9,0,0,0,1,3,57,0,3,3,77
"Herodotus",1,8,63,0,1,0,6,5,24,4,13,11,73
"Hesiod",18,0,0,61,26,18,0,0,0,6,0,0,68
"HomerIL",1,0,1,5,111,27,0,0,0,3,0,0,37
"HomerOD",3,0,0,5,50,93,0,0,0,0,0,0,58
"Lysias",0,0,21,0,0,0,58,7,21,1,7,15,72
"Plutarch",1,13,15,0,0,1,11,37,35,0,8,8,92
"Polybius",0,13,7,0,0,0,8,7,88,0,2,5,42
"Sophocles",31,0,0,2,10,1,2,0,1,91,0,0,47
"Thucydides",0,7,18,0,1,1,16,10,26,1,39,8,88
"Xenophon",1,8,31,0,0,0,26,6,27,0,13,35,112
"-SUM-",57,49,102,15,94,51,70,39,192,42,46,50,807
"Aeschylus",102,0,0,1,6,1,0,1,0,29,0,0,38
"Diodorus",0,45,10,0,1,0,1,4,50,0,1,2,69
"Herodotus",0,10,68,0,1,3,3,9,19,1,14,5,65
"Hesiod",25,0,1,43,30,32,0,0,0,3,0,0,91
"HomerIL",2,0,0,5,109,21,0,0,0,2,0,0,30
"HomerOD",1,0,0,3,42,105,0,0,0,2,0,1,49
"Lysias",2,1,14,0,1,0,58,5,25,4,12,12,76
"Plutarch",0,12,16,1,0,0,14,27,35,2,7,5,92
"Polybius",0,12,5,0,0,0,7,11,106,0,2,1,38
"Sophocles",30,0,0,0,8,4,2,0,0,103,0,0,44
"Thucydides",0,7,25,0,2,0,16,6,33,0,44,8,97
"Xenophon",0,6,28,0,1,1,21,9,22,0,12,42,100
"-SUM-",60,48,99,10,92,62,64,45,184,43,48,34,789
"Aeschylus",90,0,0,4,9,2,0,0,0,35,0,0,50
"Diodorus",0,52,10,0,0,1,4,9,62,0,2,3,91
"Herodotus",0,9,70,0,0,1,6,9,22,1,8,13,69
"Hesiod",17,0,0,46,27,23,0,0,0,9,0,0,76
"HomerIL",4,0,0,2,99,20,0,0,0,0,0,0,26
"HomerOD",3,0,1,2,47,99,0,0,0,2,0,0,55
"Lysias",1,1,15,0,1,1,65,2,22,3,12,11,69
"Plutarch",2,11,16,0,0,1,5,36,32,1,12,5,85
"Polybius",0,24,2,0,1,0,9,7,109,0,5,1,49
"Sophocles",30,0,0,3,3,2,2,1,2,97,1,0,44
"Thucydides",1,9,17,0,1,0,13,6,37,1,37,11,96
"Xenophon",0,9,26,0,0,1,20,5,28,0,11,31,100
"-SUM-",58,63,87,11,89,52,59,39,205,52,51,44,810
"Aeschylus",104,0,0,3,4,1,0,0,0,34,0,0,42
"Diodorus",0,57,9,0,0,0,4,6,66,0,3,3,91
"Herodotus",2,6,63,0,2,1,9,7,15,1,9,6,58
"Hesiod",15,0,2,67,25,22,0,0,0,5,1,0,70
"HomerIL",4,0,1,7,106,27,0,0,0,2,0,0,41
"HomerOD",4,0,0,5,22,99,0,0,0,1,0,0,32
"Lysias",2,3,17,0,0,0,51,3,25,3,16,9,78
"Plutarch",1,12,20,0,0,0,6,39,34,0,15,4,92
"Polybius",0,11,4,0,0,0,3,4,101,0,3,6,31
"Sophocles",33,0,2,10,8,7,1,1,1,89,3,0,66
"Thucydides",0,7,17,0,0,2,12,14,25,0,46,8,85
"Xenophon",1,6,21,0,0,0,23,6,28,0,11,37,96
"-SUM-",62,45,93,25,61,60,58,41,194,46,61,36,782
