label,prob,chunk_id
Diodorus,0.001028807,DiodorusSic_Book11-1
Diodorus,0.001028807,DiodorusSic_Book11-10
Diodorus,0.001028807,DiodorusSic_Book11-100
Diodorus,0.001028807,DiodorusSic_Book11-101
Diodorus,0.001028807,DiodorusSic_Book11-102
Diodorus,0.001028807,DiodorusSic_Book11-103
Diodorus,0.001028807,DiodorusSic_Book11-104
Diodorus,0.001028807,DiodorusSic_Book11-105
Diodorus,0.001028807,DiodorusSic_Book11-106
Diodorus,0.001028807,DiodorusSic_Book11-107
Diodorus,0.001028807,DiodorusSic_Book11-108
Diodorus,0.001028807,DiodorusSic_Book11-109
Diodorus,0.001028807,DiodorusSic_Book11-11
Diodorus,0.001028807,DiodorusSic_Book11-110
Diodorus,0.001028807,DiodorusSic_Book11-111
Diodorus,0.001028807,DiodorusSic_Book11-112
Diodorus,0.001028807,DiodorusSic_Book11-113
Diodorus,0.001028807,DiodorusSic_Book11-114
Diodorus,0.001028807,DiodorusSic_Book11-115
Diodorus,0.001028807,DiodorusSic_Book11-116
Diodorus,0.001028807,DiodorusSic_Book11-117
Diodorus,0.001028807,DiodorusSic_Book11-118
Diodorus,0.001028807,DiodorusSic_Book11-119
Diodorus,0.001028807,DiodorusSic_Book11-12
Diodorus,0.001028807,DiodorusSic_Book11-120
Diodorus,0.001028807,DiodorusSic_Book11-121
Diodorus,0.001028807,DiodorusSic_Book11-122
Diodorus,0.001028807,DiodorusSic_Book11-123
Diodorus,0.001028807,DiodorusSic_Book11-124
Diodorus,0.001028807,DiodorusSic_Book11-125
Diodorus,0.001028807,DiodorusSic_Book11-126
Diodorus,0.001028807,DiodorusSic_Book11-127
Diodorus,0.001028807,DiodorusSic_Book11-128
Diodorus,0.001028807,DiodorusSic_Book11-129
Diodorus,0.001028807,DiodorusSic_Book11-13
Diodorus,0.001028807,DiodorusSic_Book11-130
Diodorus,0.001028807,DiodorusSic_Book11-131
Diodorus,0.001028807,DiodorusSic_Book11-132
Diodorus,0.001028807,DiodorusSic_Book11-133
Diodorus,0.001028807,DiodorusSic_Book11-134
Diodorus,0.001028807,DiodorusSic_Book11-135
Diodorus,0.001028807,DiodorusSic_Book11-136
Diodorus,0.001028807,DiodorusSic_Book11-137
Diodorus,0.001028807,DiodorusSic_Book11-138
Diodorus,0.001028807,DiodorusSic_Book11-139
Diodorus,0.001028807,DiodorusSic_Book11-14
Diodorus,0.001028807,DiodorusSic_Book11-140
Diodorus,0.001028807,DiodorusSic_Book11-141
Diodorus,0.001028807,DiodorusSic_Book11-142
Diodorus,0.001028807,DiodorusSic_Book11-143
Diodorus,0.001028807,DiodorusSic_Book11-144
Diodorus,0.001028807,DiodorusSic_Book11-145
Diodorus,0.001028807,DiodorusSic_Book11-146
Diodorus,0.001028807,DiodorusSic_Book11-147
Diodorus,0.001028807,DiodorusSic_Book11-148
Diodorus,0.001028807,DiodorusSic_Book11-149
Diodorus,0.001028807,DiodorusSic_Book11-15
Diodorus,0.001028807,DiodorusSic_Book11-150
Diodorus,0.001028807,DiodorusSic_Book11-151
Diodorus,0.001028807,DiodorusSic_Book11-152
Diodorus,0.001028807,DiodorusSic_Book11-153
Diodorus,0.001028807,DiodorusSic_Book11-154
Diodorus,0.001028807,DiodorusSic_Book11-155
Diodorus,0.001028807,DiodorusSic_Book11-156
Diodorus,0.001028807,DiodorusSic_Book11-157
Diodorus,0.001028807,DiodorusSic_Book11-158
Diodorus,0.001028807,DiodorusSic_Book11-159
Diodorus,0.001028807,DiodorusSic_Book11-16
Diodorus,0.001028807,DiodorusSic_Book11-160
Diodorus,0.001028807,DiodorusSic_Book11-161
Diodorus,0.001028807,DiodorusSic_Book11-162
Diodorus,0.001028807,DiodorusSic_Book11-17
Diodorus,0.001028807,DiodorusSic_Book11-18
Diodorus,0.001028807,DiodorusSic_Book11-19
Diodorus,0.001028807,DiodorusSic_Book11-2
Diodorus,0.001028807,DiodorusSic_Book11-20
Diodorus,0.001028807,DiodorusSic_Book11-21
Diodorus,0.001028807,DiodorusSic_Book11-22
Diodorus,0.001028807,DiodorusSic_Book11-23
Diodorus,0.001028807,DiodorusSic_Book11-24
Diodorus,0.001028807,DiodorusSic_Book11-25
Diodorus,0.001028807,DiodorusSic_Book11-26
Diodorus,0.001028807,DiodorusSic_Book11-27
Diodorus,0.001028807,DiodorusSic_Book11-28
Diodorus,0.001028807,DiodorusSic_Book11-29
Diodorus,0.001028807,DiodorusSic_Book11-3
Diodorus,0.001028807,DiodorusSic_Book11-30
Diodorus,0.001028807,DiodorusSic_Book11-31
Diodorus,0.001028807,DiodorusSic_Book11-32
Diodorus,0.001028807,DiodorusSic_Book11-33
Diodorus,0.001028807,DiodorusSic_Book11-34
Diodorus,0.001028807,DiodorusSic_Book11-35
Diodorus,0.001028807,DiodorusSic_Book11-36
Diodorus,0.001028807,DiodorusSic_Book11-37
Diodorus,0.001028807,DiodorusSic_Book11-38
Diodorus,0.001028807,DiodorusSic_Book11-39
Diodorus,0.001028807,DiodorusSic_Book11-4
Diodorus,0.001028807,DiodorusSic_Book11-40
Diodorus,0.001028807,DiodorusSic_Book11-41
Diodorus,0.001028807,DiodorusSic_Book11-42
Diodorus,0.001028807,DiodorusSic_Book11-43
Diodorus,0.001028807,DiodorusSic_Book11-44
Diodorus,0.001028807,DiodorusSic_Book11-45
Diodorus,0.001028807,DiodorusSic_Book11-46
Diodorus,0.001028807,DiodorusSic_Book11-47
Diodorus,0.001028807,DiodorusSic_Book11-48
Diodorus,0.001028807,DiodorusSic_Book11-49
Diodorus,0.001028807,DiodorusSic_Book11-5
Diodorus,0.001028807,DiodorusSic_Book11-50
Diodorus,0.001028807,DiodorusSic_Book11-51
Diodorus,0.001028807,DiodorusSic_Book11-52
Diodorus,0.001028807,DiodorusSic_Book11-53
Diodorus,0.001028807,DiodorusSic_Book11-54
Diodorus,0.001028807,DiodorusSic_Book11-55
Diodorus,0.001028807,DiodorusSic_Book11-56
Diodorus,0.001028807,DiodorusSic_Book11-57
Diodorus,0.001028807,DiodorusSic_Book11-58
Diodorus,0.001028807,DiodorusSic_Book11-59
Diodorus,0.001028807,DiodorusSic_Book11-6
Diodorus,0.001028807,DiodorusSic_Book11-60
Diodorus,0.001028807,DiodorusSic_Book11-61
Diodorus,0.001028807,DiodorusSic_Book11-62
Diodorus,0.001028807,DiodorusSic_Book11-63
Diodorus,0.001028807,DiodorusSic_Book11-64
Diodorus,0.001028807,DiodorusSic_Book11-65
Diodorus,0.001028807,DiodorusSic_Book11-66
Diodorus,0.001028807,DiodorusSic_Book11-67
Diodorus,0.001028807,DiodorusSic_Book11-68
Diodorus,0.001028807,DiodorusSic_Book11-69
Diodorus,0.001028807,DiodorusSic_Book11-7
Diodorus,0.001028807,DiodorusSic_Book11-70
Diodorus,0.001028807,DiodorusSic_Book11-71
Diodorus,0.001028807,DiodorusSic_Book11-72
Diodorus,0.001028807,DiodorusSic_Book11-73
Diodorus,0.001028807,DiodorusSic_Book11-74
Diodorus,0.001028807,DiodorusSic_Book11-75
Diodorus,0.001028807,DiodorusSic_Book11-76
Diodorus,0.001028807,DiodorusSic_Book11-77
Diodorus,0.001028807,DiodorusSic_Book11-78
Diodorus,0.001028807,DiodorusSic_Book11-79
Diodorus,0.001028807,DiodorusSic_Book11-8
Diodorus,0.001028807,DiodorusSic_Book11-80
Diodorus,0.001028807,DiodorusSic_Book11-81
Diodorus,0.001028807,DiodorusSic_Book11-82
Diodorus,0.001028807,DiodorusSic_Book11-83
Diodorus,0.001028807,DiodorusSic_Book11-84
Diodorus,0.001028807,DiodorusSic_Book11-85
Diodorus,0.001028807,DiodorusSic_Book11-86
Diodorus,0.001028807,DiodorusSic_Book11-87
Diodorus,0.001028807,DiodorusSic_Book11-88
Diodorus,0.001028807,DiodorusSic_Book11-89
Diodorus,0.001028807,DiodorusSic_Book11-9
Diodorus,0.001028807,DiodorusSic_Book11-90
Diodorus,0.001028807,DiodorusSic_Book11-91
Diodorus,0.001028807,DiodorusSic_Book11-92
Diodorus,0.001028807,DiodorusSic_Book11-93
Diodorus,0.001028807,DiodorusSic_Book11-94
Diodorus,0.001028807,DiodorusSic_Book11-95
Diodorus,0.001028807,DiodorusSic_Book11-96
Diodorus,0.001028807,DiodorusSic_Book11-97
Diodorus,0.001028807,DiodorusSic_Book11-98
Diodorus,0.001028807,DiodorusSic_Book11-99
Herodotus,0.000801282,Herodotus_Book1-1
Herodotus,0.000801282,Herodotus_Book1-10
Herodotus,0.000801282,Herodotus_Book1-100
Herodotus,0.000801282,Herodotus_Book1-101
Herodotus,0.000801282,Herodotus_Book1-102
Herodotus,0.000801282,Herodotus_Book1-103
Herodotus,0.000801282,Herodotus_Book1-104
Herodotus,0.000801282,Herodotus_Book1-105
Herodotus,0.000801282,Herodotus_Book1-106
Herodotus,0.000801282,Herodotus_Book1-107
Herodotus,0.000801282,Herodotus_Book1-108
Herodotus,0.000801282,Herodotus_Book1-109
Herodotus,0.000801282,Herodotus_Book1-11
Herodotus,0.000801282,Herodotus_Book1-110
Herodotus,0.000801282,Herodotus_Book1-111
Herodotus,0.000801282,Herodotus_Book1-112
Herodotus,0.000801282,Herodotus_Book1-113
Herodotus,0.000801282,Herodotus_Book1-114
Herodotus,0.000801282,Herodotus_Book1-115
Herodotus,0.000801282,Herodotus_Book1-116
Herodotus,0.000801282,Herodotus_Book1-117
Herodotus,0.000801282,Herodotus_Book1-118
Herodotus,0.000801282,Herodotus_Book1-119
Herodotus,0.000801282,Herodotus_Book1-12
Herodotus,0.000801282,Herodotus_Book1-120
Herodotus,0.000801282,Herodotus_Book1-121
Herodotus,0.000801282,Herodotus_Book1-122
Herodotus,0.000801282,Herodotus_Book1-123
Herodotus,0.000801282,Herodotus_Book1-124
Herodotus,0.000801282,Herodotus_Book1-125
Herodotus,0.000801282,Herodotus_Book1-126
Herodotus,0.000801282,Herodotus_Book1-127
Herodotus,0.000801282,Herodotus_Book1-128
Herodotus,0.000801282,Herodotus_Book1-129
Herodotus,0.000801282,Herodotus_Book1-13
Herodotus,0.000801282,Herodotus_Book1-130
Herodotus,0.000801282,Herodotus_Book1-131
Herodotus,0.000801282,Herodotus_Book1-132
Herodotus,0.000801282,Herodotus_Book1-133
Herodotus,0.000801282,Herodotus_Book1-134
Herodotus,0.000801282,Herodotus_Book1-135
Herodotus,0.000801282,Herodotus_Book1-136
Herodotus,0.000801282,Herodotus_Book1-137
Herodotus,0.000801282,Herodotus_Book1-138
Herodotus,0.000801282,Herodotus_Book1-139
Herodotus,0.000801282,Herodotus_Book1-14
Herodotus,0.000801282,Herodotus_Book1-140
Herodotus,0.000801282,Herodotus_Book1-141
Herodotus,0.000801282,Herodotus_Book1-142
Herodotus,0.000801282,Herodotus_Book1-143
Herodotus,0.000801282,Herodotus_Book1-144
Herodotus,0.000801282,Herodotus_Book1-145
Herodotus,0.000801282,Herodotus_Book1-146
Herodotus,0.000801282,Herodotus_Book1-147
Herodotus,0.000801282,Herodotus_Book1-148
Herodotus,0.000801282,Herodotus_Book1-149
Herodotus,0.000801282,Herodotus_Book1-15
Herodotus,0.000801282,Herodotus_Book1-150
Herodotus,0.000801282,Herodotus_Book1-151
Herodotus,0.000801282,Herodotus_Book1-152
Herodotus,0.000801282,Herodotus_Book1-153
Herodotus,0.000801282,Herodotus_Book1-154
Herodotus,0.000801282,Herodotus_Book1-155
Herodotus,0.000801282,Herodotus_Book1-156
Herodotus,0.000801282,Herodotus_Book1-157
Herodotus,0.000801282,Herodotus_Book1-158
Herodotus,0.000801282,Herodotus_Book1-159
Herodotus,0.000801282,Herodotus_Book1-16
Herodotus,0.000801282,Herodotus_Book1-160
Herodotus,0.000801282,Herodotus_Book1-161
Herodotus,0.000801282,Herodotus_Book1-162
Herodotus,0.000801282,Herodotus_Book1-163
Herodotus,0.000801282,Herodotus_Book1-164
Herodotus,0.000801282,Herodotus_Book1-165
Herodotus,0.000801282,Herodotus_Book1-166
Herodotus,0.000801282,Herodotus_Book1-167
Herodotus,0.000801282,Herodotus_Book1-168
Herodotus,0.000801282,Herodotus_Book1-169
Herodotus,0.000801282,Herodotus_Book1-17
Herodotus,0.000801282,Herodotus_Book1-170
Herodotus,0.000801282,Herodotus_Book1-171
Herodotus,0.000801282,Herodotus_Book1-172
Herodotus,0.000801282,Herodotus_Book1-173
Herodotus,0.000801282,Herodotus_Book1-174
Herodotus,0.000801282,Herodotus_Book1-175
Herodotus,0.000801282,Herodotus_Book1-176
Herodotus,0.000801282,Herodotus_Book1-177
Herodotus,0.000801282,Herodotus_Book1-178
Herodotus,0.000801282,Herodotus_Book1-179
Herodotus,0.000801282,Herodotus_Book1-18
Herodotus,0.000801282,Herodotus_Book1-180
Herodotus,0.000801282,Herodotus_Book1-181
Herodotus,0.000801282,Herodotus_Book1-182
Herodotus,0.000801282,Herodotus_Book1-183
Herodotus,0.000801282,Herodotus_Book1-184
Herodotus,0.000801282,Herodotus_Book1-185
Herodotus,0.000801282,Herodotus_Book1-186
Herodotus,0.000801282,Herodotus_Book1-187
Herodotus,0.000801282,Herodotus_Book1-188
Herodotus,0.000801282,Herodotus_Book1-189
Herodotus,0.000801282,Herodotus_Book1-19
Herodotus,0.000801282,Herodotus_Book1-190
Herodotus,0.000801282,Herodotus_Book1-191
Herodotus,0.000801282,Herodotus_Book1-192
Herodotus,0.000801282,Herodotus_Book1-193
Herodotus,0.000801282,Herodotus_Book1-194
Herodotus,0.000801282,Herodotus_Book1-195
Herodotus,0.000801282,Herodotus_Book1-196
Herodotus,0.000801282,Herodotus_Book1-197
Herodotus,0.000801282,Herodotus_Book1-198
Herodotus,0.000801282,Herodotus_Book1-199
Herodotus,0.000801282,Herodotus_Book1-2
Herodotus,0.000801282,Herodotus_Book1-20
Herodotus,0.000801282,Herodotus_Book1-200
Herodotus,0.000801282,Herodotus_Book1-201
Herodotus,0.000801282,Herodotus_Book1-202
Herodotus,0.000801282,Herodotus_Book1-203
Herodotus,0.000801282,Herodotus_Book1-204
Herodotus,0.000801282,Herodotus_Book1-205
Herodotus,0.000801282,Herodotus_Book1-206
Herodotus,0.000801282,Herodotus_Book1-207
Herodotus,0.000801282,Herodotus_Book1-208
Herodotus,0.000801282,Herodotus_Book1-21
Herodotus,0.000801282,Herodotus_Book1-22
Herodotus,0.000801282,Herodotus_Book1-23
Herodotus,0.000801282,Herodotus_Book1-24
Herodotus,0.000801282,Herodotus_Book1-25
Herodotus,0.000801282,Herodotus_Book1-26
Herodotus,0.000801282,Herodotus_Book1-27
Herodotus,0.000801282,Herodotus_Book1-28
Herodotus,0.000801282,Herodotus_Book1-29
Herodotus,0.000801282,Herodotus_Book1-3
Herodotus,0.000801282,Herodotus_Book1-30
Herodotus,0.000801282,Herodotus_Book1-31
Herodotus,0.000801282,Herodotus_Book1-32
Herodotus,0.000801282,Herodotus_Book1-33
Herodotus,0.000801282,Herodotus_Book1-34
Herodotus,0.000801282,Herodotus_Book1-35
Herodotus,0.000801282,Herodotus_Book1-36
Herodotus,0.000801282,Herodotus_Book1-37
Herodotus,0.000801282,Herodotus_Book1-38
Herodotus,0.000801282,Herodotus_Book1-39
Herodotus,0.000801282,Herodotus_Book1-4
Herodotus,0.000801282,Herodotus_Book1-40
Herodotus,0.000801282,Herodotus_Book1-41
Herodotus,0.000801282,Herodotus_Book1-42
Herodotus,0.000801282,Herodotus_Book1-43
Herodotus,0.000801282,Herodotus_Book1-44
Herodotus,0.000801282,Herodotus_Book1-45
Herodotus,0.000801282,Herodotus_Book1-46
Herodotus,0.000801282,Herodotus_Book1-47
Herodotus,0.000801282,Herodotus_Book1-48
Herodotus,0.000801282,Herodotus_Book1-49
Herodotus,0.000801282,Herodotus_Book1-5
Herodotus,0.000801282,Herodotus_Book1-50
Herodotus,0.000801282,Herodotus_Book1-51
Herodotus,0.000801282,Herodotus_Book1-52
Herodotus,0.000801282,Herodotus_Book1-53
Herodotus,0.000801282,Herodotus_Book1-54
Herodotus,0.000801282,Herodotus_Book1-55
Herodotus,0.000801282,Herodotus_Book1-56
Herodotus,0.000801282,Herodotus_Book1-57
Herodotus,0.000801282,Herodotus_Book1-58
Herodotus,0.000801282,Herodotus_Book1-59
Herodotus,0.000801282,Herodotus_Book1-6
Herodotus,0.000801282,Herodotus_Book1-60
Herodotus,0.000801282,Herodotus_Book1-61
Herodotus,0.000801282,Herodotus_Book1-62
Herodotus,0.000801282,Herodotus_Book1-63
Herodotus,0.000801282,Herodotus_Book1-64
Herodotus,0.000801282,Herodotus_Book1-65
Herodotus,0.000801282,Herodotus_Book1-66
Herodotus,0.000801282,Herodotus_Book1-67
Herodotus,0.000801282,Herodotus_Book1-68
Herodotus,0.000801282,Herodotus_Book1-69
Herodotus,0.000801282,Herodotus_Book1-7
Herodotus,0.000801282,Herodotus_Book1-70
Herodotus,0.000801282,Herodotus_Book1-71
Herodotus,0.000801282,Herodotus_Book1-72
Herodotus,0.000801282,Herodotus_Book1-73
Herodotus,0.000801282,Herodotus_Book1-74
Herodotus,0.000801282,Herodotus_Book1-75
Herodotus,0.000801282,Herodotus_Book1-76
Herodotus,0.000801282,Herodotus_Book1-77
Herodotus,0.000801282,Herodotus_Book1-78
Herodotus,0.000801282,Herodotus_Book1-79
Herodotus,0.000801282,Herodotus_Book1-8
Herodotus,0.000801282,Herodotus_Book1-80
Herodotus,0.000801282,Herodotus_Book1-81
Herodotus,0.000801282,Herodotus_Book1-82
Herodotus,0.000801282,Herodotus_Book1-83
Herodotus,0.000801282,Herodotus_Book1-84
Herodotus,0.000801282,Herodotus_Book1-85
Herodotus,0.000801282,Herodotus_Book1-86
Herodotus,0.000801282,Herodotus_Book1-87
Herodotus,0.000801282,Herodotus_Book1-88
Herodotus,0.000801282,Herodotus_Book1-89
Herodotus,0.000801282,Herodotus_Book1-9
Herodotus,0.000801282,Herodotus_Book1-90
Herodotus,0.000801282,Herodotus_Book1-91
Herodotus,0.000801282,Herodotus_Book1-92
Herodotus,0.000801282,Herodotus_Book1-93
Herodotus,0.000801282,Herodotus_Book1-94
Herodotus,0.000801282,Herodotus_Book1-95
Herodotus,0.000801282,Herodotus_Book1-96
Herodotus,0.000801282,Herodotus_Book1-97
Herodotus,0.000801282,Herodotus_Book1-98
Herodotus,0.000801282,Herodotus_Book1-99
Lysias,0.001633987,Lysias_SelectedOrations-1
Lysias,0.001633987,Lysias_SelectedOrations-10
Lysias,0.001633987,Lysias_SelectedOrations-100
Lysias,0.001633987,Lysias_SelectedOrations-101
Lysias,0.001633987,Lysias_SelectedOrations-102
Lysias,0.001633987,Lysias_SelectedOrations-11
Lysias,0.001633987,Lysias_SelectedOrations-12
Lysias,0.001633987,Lysias_SelectedOrations-13
Lysias,0.001633987,Lysias_SelectedOrations-14
Lysias,0.001633987,Lysias_SelectedOrations-15
Lysias,0.001633987,Lysias_SelectedOrations-16
Lysias,0.001633987,Lysias_SelectedOrations-17
Lysias,0.001633987,Lysias_SelectedOrations-18
Lysias,0.001633987,Lysias_SelectedOrations-19
Lysias,0.001633987,Lysias_SelectedOrations-2
Lysias,0.001633987,Lysias_SelectedOrations-20
Lysias,0.001633987,Lysias_SelectedOrations-21
Lysias,0.001633987,Lysias_SelectedOrations-22
Lysias,0.001633987,Lysias_SelectedOrations-23
Lysias,0.001633987,Lysias_SelectedOrations-24
Lysias,0.001633987,Lysias_SelectedOrations-25
Lysias,0.001633987,Lysias_SelectedOrations-26
Lysias,0.001633987,Lysias_SelectedOrations-27
Lysias,0.001633987,Lysias_SelectedOrations-28
Lysias,0.001633987,Lysias_SelectedOrations-29
Lysias,0.001633987,Lysias_SelectedOrations-3
Lysias,0.001633987,Lysias_SelectedOrations-30
Lysias,0.001633987,Lysias_SelectedOrations-31
Lysias,0.001633987,Lysias_SelectedOrations-32
Lysias,0.001633987,Lysias_SelectedOrations-33
Lysias,0.001633987,Lysias_SelectedOrations-34
Lysias,0.001633987,Lysias_SelectedOrations-35
Lysias,0.001633987,Lysias_SelectedOrations-36
Lysias,0.001633987,Lysias_SelectedOrations-37
Lysias,0.001633987,Lysias_SelectedOrations-38
Lysias,0.001633987,Lysias_SelectedOrations-39
Lysias,0.001633987,Lysias_SelectedOrations-4
Lysias,0.001633987,Lysias_SelectedOrations-40
Lysias,0.001633987,Lysias_SelectedOrations-41
Lysias,0.001633987,Lysias_SelectedOrations-42
Lysias,0.001633987,Lysias_SelectedOrations-43
Lysias,0.001633987,Lysias_SelectedOrations-44
Lysias,0.001633987,Lysias_SelectedOrations-45
Lysias,0.001633987,Lysias_SelectedOrations-46
Lysias,0.001633987,Lysias_SelectedOrations-47
Lysias,0.001633987,Lysias_SelectedOrations-48
Lysias,0.001633987,Lysias_SelectedOrations-49
Lysias,0.001633987,Lysias_SelectedOrations-5
Lysias,0.001633987,Lysias_SelectedOrations-50
Lysias,0.001633987,Lysias_SelectedOrations-51
Lysias,0.001633987,Lysias_SelectedOrations-52
Lysias,0.001633987,Lysias_SelectedOrations-53
Lysias,0.001633987,Lysias_SelectedOrations-54
Lysias,0.001633987,Lysias_SelectedOrations-55
Lysias,0.001633987,Lysias_SelectedOrations-56
Lysias,0.001633987,Lysias_SelectedOrations-57
Lysias,0.001633987,Lysias_SelectedOrations-58
Lysias,0.001633987,Lysias_SelectedOrations-59
Lysias,0.001633987,Lysias_SelectedOrations-6
Lysias,0.001633987,Lysias_SelectedOrations-60
Lysias,0.001633987,Lysias_SelectedOrations-61
Lysias,0.001633987,Lysias_SelectedOrations-62
Lysias,0.001633987,Lysias_SelectedOrations-63
Lysias,0.001633987,Lysias_SelectedOrations-64
Lysias,0.001633987,Lysias_SelectedOrations-65
Lysias,0.001633987,Lysias_SelectedOrations-66
Lysias,0.001633987,Lysias_SelectedOrations-67
Lysias,0.001633987,Lysias_SelectedOrations-68
Lysias,0.001633987,Lysias_SelectedOrations-69
Lysias,0.001633987,Lysias_SelectedOrations-7
Lysias,0.001633987,Lysias_SelectedOrations-70
Lysias,0.001633987,Lysias_SelectedOrations-71
Lysias,0.001633987,Lysias_SelectedOrations-72
Lysias,0.001633987,Lysias_SelectedOrations-73
Lysias,0.001633987,Lysias_SelectedOrations-74
Lysias,0.001633987,Lysias_SelectedOrations-75
Lysias,0.001633987,Lysias_SelectedOrations-76
Lysias,0.001633987,Lysias_SelectedOrations-77
Lysias,0.001633987,Lysias_SelectedOrations-78
Lysias,0.001633987,Lysias_SelectedOrations-79
Lysias,0.001633987,Lysias_SelectedOrations-8
Lysias,0.001633987,Lysias_SelectedOrations-80
Lysias,0.001633987,Lysias_SelectedOrations-81
Lysias,0.001633987,Lysias_SelectedOrations-82
Lysias,0.001633987,Lysias_SelectedOrations-83
Lysias,0.001633987,Lysias_SelectedOrations-84
Lysias,0.001633987,Lysias_SelectedOrations-85
Lysias,0.001633987,Lysias_SelectedOrations-86
Lysias,0.001633987,Lysias_SelectedOrations-87
Lysias,0.001633987,Lysias_SelectedOrations-88
Lysias,0.001633987,Lysias_SelectedOrations-89
Lysias,0.001633987,Lysias_SelectedOrations-9
Lysias,0.001633987,Lysias_SelectedOrations-90
Lysias,0.001633987,Lysias_SelectedOrations-91
Lysias,0.001633987,Lysias_SelectedOrations-92
Lysias,0.001633987,Lysias_SelectedOrations-93
Lysias,0.001633987,Lysias_SelectedOrations-94
Lysias,0.001633987,Lysias_SelectedOrations-95
Lysias,0.001633987,Lysias_SelectedOrations-96
Lysias,0.001633987,Lysias_SelectedOrations-97
Lysias,0.001633987,Lysias_SelectedOrations-98
Lysias,0.001633987,Lysias_SelectedOrations-99
Plutarch,0.001207729,Plutarch_Alcibiades-1
Plutarch,0.001207729,Plutarch_Alcibiades-10
Plutarch,0.001207729,Plutarch_Alcibiades-11
Plutarch,0.001207729,Plutarch_Alcibiades-12
Plutarch,0.001207729,Plutarch_Alcibiades-13
Plutarch,0.001207729,Plutarch_Alcibiades-14
Plutarch,0.001207729,Plutarch_Alcibiades-15
Plutarch,0.001207729,Plutarch_Alcibiades-16
Plutarch,0.001207729,Plutarch_Alcibiades-17
Plutarch,0.001207729,Plutarch_Alcibiades-18
Plutarch,0.001207729,Plutarch_Alcibiades-19
Plutarch,0.001207729,Plutarch_Alcibiades-2
Plutarch,0.001207729,Plutarch_Alcibiades-20
Plutarch,0.001207729,Plutarch_Alcibiades-21
Plutarch,0.001207729,Plutarch_Alcibiades-22
Plutarch,0.001207729,Plutarch_Alcibiades-23
Plutarch,0.001207729,Plutarch_Alcibiades-24
Plutarch,0.001207729,Plutarch_Alcibiades-25
Plutarch,0.001207729,Plutarch_Alcibiades-26
Plutarch,0.001207729,Plutarch_Alcibiades-27
Plutarch,0.001207729,Plutarch_Alcibiades-28
Plutarch,0.001207729,Plutarch_Alcibiades-29
Plutarch,0.001207729,Plutarch_Alcibiades-3
Plutarch,0.001207729,Plutarch_Alcibiades-30
Plutarch,0.001207729,Plutarch_Alcibiades-31
Plutarch,0.001207729,Plutarch_Alcibiades-32
Plutarch,0.001207729,Plutarch_Alcibiades-33
Plutarch,0.001207729,Plutarch_Alcibiades-34
Plutarch,0.001207729,Plutarch_Alcibiades-35
Plutarch,0.001207729,Plutarch_Alcibiades-36
Plutarch,0.001207729,Plutarch_Alcibiades-37
Plutarch,0.001207729,Plutarch_Alcibiades-38
Plutarch,0.001207729,Plutarch_Alcibiades-39
Plutarch,0.001207729,Plutarch_Alcibiades-4
Plutarch,0.001207729,Plutarch_Alcibiades-40
Plutarch,0.001207729,Plutarch_Alcibiades-41
Plutarch,0.001207729,Plutarch_Alcibiades-42
Plutarch,0.001207729,Plutarch_Alcibiades-43
Plutarch,0.001207729,Plutarch_Alcibiades-44
Plutarch,0.001207729,Plutarch_Alcibiades-45
Plutarch,0.001207729,Plutarch_Alcibiades-46
Plutarch,0.001207729,Plutarch_Alcibiades-47
Plutarch,0.001207729,Plutarch_Alcibiades-48
Plutarch,0.001207729,Plutarch_Alcibiades-49
Plutarch,0.001207729,Plutarch_Alcibiades-5
Plutarch,0.001207729,Plutarch_Alcibiades-50
Plutarch,0.001207729,Plutarch_Alcibiades-51
Plutarch,0.001207729,Plutarch_Alcibiades-52
Plutarch,0.001207729,Plutarch_Alcibiades-53
Plutarch,0.001207729,Plutarch_Alcibiades-54
Plutarch,0.001207729,Plutarch_Alcibiades-55
Plutarch,0.001207729,Plutarch_Alcibiades-56
Plutarch,0.001207729,Plutarch_Alcibiades-57
Plutarch,0.001207729,Plutarch_Alcibiades-58
Plutarch,0.001207729,Plutarch_Alcibiades-59
Plutarch,0.001207729,Plutarch_Alcibiades-6
Plutarch,0.001207729,Plutarch_Alcibiades-60
Plutarch,0.001207729,Plutarch_Alcibiades-61
Plutarch,0.001207729,Plutarch_Alcibiades-62
Plutarch,0.001207729,Plutarch_Alcibiades-63
Plutarch,0.001207729,Plutarch_Alcibiades-64
Plutarch,0.001207729,Plutarch_Alcibiades-65
Plutarch,0.001207729,Plutarch_Alcibiades-66
Plutarch,0.001207729,Plutarch_Alcibiades-67
Plutarch,0.001207729,Plutarch_Alcibiades-68
Plutarch,0.001207729,Plutarch_Alcibiades-69
Plutarch,0.001207729,Plutarch_Alcibiades-7
Plutarch,0.001207729,Plutarch_Alcibiades-70
Plutarch,0.001207729,Plutarch_Alcibiades-71
Plutarch,0.001207729,Plutarch_Alcibiades-8
Plutarch,0.001207729,Plutarch_Alcibiades-9
Plutarch,0.001207729,Plutarch_Lycurgus-1
Plutarch,0.001207729,Plutarch_Lycurgus-10
Plutarch,0.001207729,Plutarch_Lycurgus-11
Plutarch,0.001207729,Plutarch_Lycurgus-12
Plutarch,0.001207729,Plutarch_Lycurgus-13
Plutarch,0.001207729,Plutarch_Lycurgus-14
Plutarch,0.001207729,Plutarch_Lycurgus-15
Plutarch,0.001207729,Plutarch_Lycurgus-16
Plutarch,0.001207729,Plutarch_Lycurgus-17
Plutarch,0.001207729,Plutarch_Lycurgus-18
Plutarch,0.001207729,Plutarch_Lycurgus-19
Plutarch,0.001207729,Plutarch_Lycurgus-2
Plutarch,0.001207729,Plutarch_Lycurgus-20
Plutarch,0.001207729,Plutarch_Lycurgus-21
Plutarch,0.001207729,Plutarch_Lycurgus-22
Plutarch,0.001207729,Plutarch_Lycurgus-23
Plutarch,0.001207729,Plutarch_Lycurgus-24
Plutarch,0.001207729,Plutarch_Lycurgus-25
Plutarch,0.001207729,Plutarch_Lycurgus-26
Plutarch,0.001207729,Plutarch_Lycurgus-27
Plutarch,0.001207729,Plutarch_Lycurgus-28
Plutarch,0.001207729,Plutarch_Lycurgus-29
Plutarch,0.001207729,Plutarch_Lycurgus-3
Plutarch,0.001207729,Plutarch_Lycurgus-30
Plutarch,0.001207729,Plutarch_Lycurgus-31
Plutarch,0.001207729,Plutarch_Lycurgus-32
Plutarch,0.001207729,Plutarch_Lycurgus-33
Plutarch,0.001207729,Plutarch_Lycurgus-34
Plutarch,0.001207729,Plutarch_Lycurgus-35
Plutarch,0.001207729,Plutarch_Lycurgus-36
Plutarch,0.001207729,Plutarch_Lycurgus-37
Plutarch,0.001207729,Plutarch_Lycurgus-38
Plutarch,0.001207729,Plutarch_Lycurgus-39
Plutarch,0.001207729,Plutarch_Lycurgus-4
Plutarch,0.001207729,Plutarch_Lycurgus-40
Plutarch,0.001207729,Plutarch_Lycurgus-41
Plutarch,0.001207729,Plutarch_Lycurgus-42
Plutarch,0.001207729,Plutarch_Lycurgus-43
Plutarch,0.001207729,Plutarch_Lycurgus-44
Plutarch,0.001207729,Plutarch_Lycurgus-45
Plutarch,0.001207729,Plutarch_Lycurgus-46
Plutarch,0.001207729,Plutarch_Lycurgus-47
Plutarch,0.001207729,Plutarch_Lycurgus-48
Plutarch,0.001207729,Plutarch_Lycurgus-49
Plutarch,0.001207729,Plutarch_Lycurgus-5
Plutarch,0.001207729,Plutarch_Lycurgus-50
Plutarch,0.001207729,Plutarch_Lycurgus-51
Plutarch,0.001207729,Plutarch_Lycurgus-52
Plutarch,0.001207729,Plutarch_Lycurgus-53
Plutarch,0.001207729,Plutarch_Lycurgus-54
Plutarch,0.001207729,Plutarch_Lycurgus-55
Plutarch,0.001207729,Plutarch_Lycurgus-56
Plutarch,0.001207729,Plutarch_Lycurgus-57
Plutarch,0.001207729,Plutarch_Lycurgus-58
Plutarch,0.001207729,Plutarch_Lycurgus-59
Plutarch,0.001207729,Plutarch_Lycurgus-6
Plutarch,0.001207729,Plutarch_Lycurgus-60
Plutarch,0.001207729,Plutarch_Lycurgus-61
Plutarch,0.001207729,Plutarch_Lycurgus-62
Plutarch,0.001207729,Plutarch_Lycurgus-63
Plutarch,0.001207729,Plutarch_Lycurgus-64
Plutarch,0.001207729,Plutarch_Lycurgus-65
Plutarch,0.001207729,Plutarch_Lycurgus-66
Plutarch,0.001207729,Plutarch_Lycurgus-67
Plutarch,0.001207729,Plutarch_Lycurgus-7
Plutarch,0.001207729,Plutarch_Lycurgus-8
Plutarch,0.001207729,Plutarch_Lycurgus-9
Polybius,0.000298686,Polybius_Book1-1
Polybius,0.000298686,Polybius_Book1-10
Polybius,0.000298686,Polybius_Book1-100
Polybius,0.000298686,Polybius_Book1-101
Polybius,0.000298686,Polybius_Book1-102
Polybius,0.000298686,Polybius_Book1-103
Polybius,0.000298686,Polybius_Book1-104
Polybius,0.000298686,Polybius_Book1-105
Polybius,0.000298686,Polybius_Book1-106
Polybius,0.000298686,Polybius_Book1-107
Polybius,0.000298686,Polybius_Book1-108
Polybius,0.000298686,Polybius_Book1-109
Polybius,0.000298686,Polybius_Book1-11
Polybius,0.000298686,Polybius_Book1-110
Polybius,0.000298686,Polybius_Book1-111
Polybius,0.000298686,Polybius_Book1-112
Polybius,0.000298686,Polybius_Book1-113
Polybius,0.000298686,Polybius_Book1-114
Polybius,0.000298686,Polybius_Book1-115
Polybius,0.000298686,Polybius_Book1-116
Polybius,0.000298686,Polybius_Book1-117
Polybius,0.000298686,Polybius_Book1-118
Polybius,0.000298686,Polybius_Book1-119
Polybius,0.000298686,Polybius_Book1-12
Polybius,0.000298686,Polybius_Book1-120
Polybius,0.000298686,Polybius_Book1-121
Polybius,0.000298686,Polybius_Book1-122
Polybius,0.000298686,Polybius_Book1-123
Polybius,0.000298686,Polybius_Book1-124
Polybius,0.000298686,Polybius_Book1-125
Polybius,0.000298686,Polybius_Book1-126
Polybius,0.000298686,Polybius_Book1-127
Polybius,0.000298686,Polybius_Book1-128
Polybius,0.000298686,Polybius_Book1-129
Polybius,0.000298686,Polybius_Book1-13
Polybius,0.000298686,Polybius_Book1-130
Polybius,0.000298686,Polybius_Book1-131
Polybius,0.000298686,Polybius_Book1-132
Polybius,0.000298686,Polybius_Book1-133
Polybius,0.000298686,Polybius_Book1-134
Polybius,0.000298686,Polybius_Book1-135
Polybius,0.000298686,Polybius_Book1-136
Polybius,0.000298686,Polybius_Book1-137
Polybius,0.000298686,Polybius_Book1-138
Polybius,0.000298686,Polybius_Book1-139
Polybius,0.000298686,Polybius_Book1-14
Polybius,0.000298686,Polybius_Book1-140
Polybius,0.000298686,Polybius_Book1-141
Polybius,0.000298686,Polybius_Book1-142
Polybius,0.000298686,Polybius_Book1-143
Polybius,0.000298686,Polybius_Book1-144
Polybius,0.000298686,Polybius_Book1-145
Polybius,0.000298686,Polybius_Book1-146
Polybius,0.000298686,Polybius_Book1-147
Polybius,0.000298686,Polybius_Book1-148
Polybius,0.000298686,Polybius_Book1-149
Polybius,0.000298686,Polybius_Book1-15
Polybius,0.000298686,Polybius_Book1-150
Polybius,0.000298686,Polybius_Book1-151
Polybius,0.000298686,Polybius_Book1-152
Polybius,0.000298686,Polybius_Book1-153
Polybius,0.000298686,Polybius_Book1-154
Polybius,0.000298686,Polybius_Book1-155
Polybius,0.000298686,Polybius_Book1-156
Polybius,0.000298686,Polybius_Book1-157
Polybius,0.000298686,Polybius_Book1-158
Polybius,0.000298686,Polybius_Book1-159
Polybius,0.000298686,Polybius_Book1-16
Polybius,0.000298686,Polybius_Book1-160
Polybius,0.000298686,Polybius_Book1-161
Polybius,0.000298686,Polybius_Book1-162
Polybius,0.000298686,Polybius_Book1-163
Polybius,0.000298686,Polybius_Book1-164
Polybius,0.000298686,Polybius_Book1-165
Polybius,0.000298686,Polybius_Book1-166
Polybius,0.000298686,Polybius_Book1-167
Polybius,0.000298686,Polybius_Book1-168
Polybius,0.000298686,Polybius_Book1-169
Polybius,0.000298686,Polybius_Book1-17
Polybius,0.000298686,Polybius_Book1-170
Polybius,0.000298686,Polybius_Book1-171
Polybius,0.000298686,Polybius_Book1-172
Polybius,0.000298686,Polybius_Book1-173
Polybius,0.000298686,Polybius_Book1-174
Polybius,0.000298686,Polybius_Book1-175
Polybius,0.000298686,Polybius_Book1-176
Polybius,0.000298686,Polybius_Book1-177
Polybius,0.000298686,Polybius_Book1-178
Polybius,0.000298686,Polybius_Book1-179
Polybius,0.000298686,Polybius_Book1-18
Polybius,0.000298686,Polybius_Book1-180
Polybius,0.000298686,Polybius_Book1-19
Polybius,0.000298686,Polybius_Book1-2
Polybius,0.000298686,Polybius_Book1-20
Polybius,0.000298686,Polybius_Book1-21
Polybius,0.000298686,Polybius_Book1-22
Polybius,0.000298686,Polybius_Book1-23
Polybius,0.000298686,Polybius_Book1-24
Polybius,0.000298686,Polybius_Book1-25
Polybius,0.000298686,Polybius_Book1-26
Polybius,0.000298686,Polybius_Book1-27
Polybius,0.000298686,Polybius_Book1-28
Polybius,0.000298686,Polybius_Book1-29
Polybius,0.000298686,Polybius_Book1-3
Polybius,0.000298686,Polybius_Book1-30
Polybius,0.000298686,Polybius_Book1-31
Polybius,0.000298686,Polybius_Book1-32
Polybius,0.000298686,Polybius_Book1-33
Polybius,0.000298686,Polybius_Book1-34
Polybius,0.000298686,Polybius_Book1-35
Polybius,0.000298686,Polybius_Book1-36
Polybius,0.000298686,Polybius_Book1-37
Polybius,0.000298686,Polybius_Book1-38
Polybius,0.000298686,Polybius_Book1-39
Polybius,0.000298686,Polybius_Book1-4
Polybius,0.000298686,Polybius_Book1-40
Polybius,0.000298686,Polybius_Book1-41
Polybius,0.000298686,Polybius_Book1-42
Polybius,0.000298686,Polybius_Book1-43
Polybius,0.000298686,Polybius_Book1-44
Polybius,0.000298686,Polybius_Book1-45
Polybius,0.000298686,Polybius_Book1-46
Polybius,0.000298686,Polybius_Book1-47
Polybius,0.000298686,Polybius_Book1-48
Polybius,0.000298686,Polybius_Book1-49
Polybius,0.000298686,Polybius_Book1-5
Polybius,0.000298686,Polybius_Book1-50
Polybius,0.000298686,Polybius_Book1-51
Polybius,0.000298686,Polybius_Book1-52
Polybius,0.000298686,Polybius_Book1-53
Polybius,0.000298686,Polybius_Book1-54
Polybius,0.000298686,Polybius_Book1-55
Polybius,0.000298686,Polybius_Book1-56
Polybius,0.000298686,Polybius_Book1-57
Polybius,0.000298686,Polybius_Book1-58
Polybius,0.000298686,Polybius_Book1-59
Polybius,0.000298686,Polybius_Book1-6
Polybius,0.000298686,Polybius_Book1-60
Polybius,0.000298686,Polybius_Book1-61
Polybius,0.000298686,Polybius_Book1-62
Polybius,0.000298686,Polybius_Book1-63
Polybius,0.000298686,Polybius_Book1-64
Polybius,0.000298686,Polybius_Book1-65
Polybius,0.000298686,Polybius_Book1-66
Polybius,0.000298686,Polybius_Book1-67
Polybius,0.000298686,Polybius_Book1-68
Polybius,0.000298686,Polybius_Book1-69
Polybius,0.000298686,Polybius_Book1-7
Polybius,0.000298686,Polybius_Book1-70
Polybius,0.000298686,Polybius_Book1-71
Polybius,0.000298686,Polybius_Book1-72
Polybius,0.000298686,Polybius_Book1-73
Polybius,0.000298686,Polybius_Book1-74
Polybius,0.000298686,Polybius_Book1-75
Polybius,0.000298686,Polybius_Book1-76
Polybius,0.000298686,Polybius_Book1-77
Polybius,0.000298686,Polybius_Book1-78
Polybius,0.000298686,Polybius_Book1-79
Polybius,0.000298686,Polybius_Book1-8
Polybius,0.000298686,Polybius_Book1-80
Polybius,0.000298686,Polybius_Book1-81
Polybius,0.000298686,Polybius_Book1-82
Polybius,0.000298686,Polybius_Book1-83
Polybius,0.000298686,Polybius_Book1-84
Polybius,0.000298686,Polybius_Book1-85
Polybius,0.000298686,Polybius_Book1-86
Polybius,0.000298686,Polybius_Book1-87
Polybius,0.000298686,Polybius_Book1-88
Polybius,0.000298686,Polybius_Book1-89
Polybius,0.000298686,Polybius_Book1-9
Polybius,0.000298686,Polybius_Book1-90
Polybius,0.000298686,Polybius_Book1-91
Polybius,0.000298686,Polybius_Book1-92
Polybius,0.000298686,Polybius_Book1-93
Polybius,0.000298686,Polybius_Book1-94
Polybius,0.000298686,Polybius_Book1-95
Polybius,0.000298686,Polybius_Book1-96
Polybius,0.000298686,Polybius_Book1-97
Polybius,0.000298686,Polybius_Book1-98
Polybius,0.000298686,Polybius_Book1-99
Polybius,0.000298686,Polybius_Book10-1
Polybius,0.000298686,Polybius_Book10-10
Polybius,0.000298686,Polybius_Book10-11
Polybius,0.000298686,Polybius_Book10-12
Polybius,0.000298686,Polybius_Book10-13
Polybius,0.000298686,Polybius_Book10-14
Polybius,0.000298686,Polybius_Book10-15
Polybius,0.000298686,Polybius_Book10-16
Polybius,0.000298686,Polybius_Book10-17
Polybius,0.000298686,Polybius_Book10-18
Polybius,0.000298686,Polybius_Book10-19
Polybius,0.000298686,Polybius_Book10-2
Polybius,0.000298686,Polybius_Book10-20
Polybius,0.000298686,Polybius_Book10-21
Polybius,0.000298686,Polybius_Book10-22
Polybius,0.000298686,Polybius_Book10-23
Polybius,0.000298686,Polybius_Book10-24
Polybius,0.000298686,Polybius_Book10-25
Polybius,0.000298686,Polybius_Book10-26
Polybius,0.000298686,Polybius_Book10-27
Polybius,0.000298686,Polybius_Book10-28
Polybius,0.000298686,Polybius_Book10-29
Polybius,0.000298686,Polybius_Book10-3
Polybius,0.000298686,Polybius_Book10-30
Polybius,0.000298686,Polybius_Book10-31
Polybius,0.000298686,Polybius_Book10-32
Polybius,0.000298686,Polybius_Book10-33
Polybius,0.000298686,Polybius_Book10-34
Polybius,0.000298686,Polybius_Book10-35
Polybius,0.000298686,Polybius_Book10-36
Polybius,0.000298686,Polybius_Book10-37
Polybius,0.000298686,Polybius_Book10-38
Polybius,0.000298686,Polybius_Book10-39
Polybius,0.000298686,Polybius_Book10-4
Polybius,0.000298686,Polybius_Book10-40
Polybius,0.000298686,Polybius_Book10-41
Polybius,0.000298686,Polybius_Book10-42
Polybius,0.000298686,Polybius_Book10-43
Polybius,0.000298686,Polybius_Book10-44
Polybius,0.000298686,Polybius_Book10-45
Polybius,0.000298686,Polybius_Book10-46
Polybius,0.000298686,Polybius_Book10-47
Polybius,0.000298686,Polybius_Book10-48
Polybius,0.000298686,Polybius_Book10-49
Polybius,0.000298686,Polybius_Book10-5
Polybius,0.000298686,Polybius_Book10-50
Polybius,0.000298686,Polybius_Book10-51
Polybius,0.000298686,Polybius_Book10-52
Polybius,0.000298686,Polybius_Book10-53
Polybius,0.000298686,Polybius_Book10-54
Polybius,0.000298686,Polybius_Book10-55
Polybius,0.000298686,Polybius_Book10-56
Polybius,0.000298686,Polybius_Book10-57
Polybius,0.000298686,Polybius_Book10-58
Polybius,0.000298686,Polybius_Book10-59
Polybius,0.000298686,Polybius_Book10-6
Polybius,0.000298686,Polybius_Book10-60
Polybius,0.000298686,Polybius_Book10-61
Polybius,0.000298686,Polybius_Book10-62
Polybius,0.000298686,Polybius_Book10-63
Polybius,0.000298686,Polybius_Book10-64
Polybius,0.000298686,Polybius_Book10-65
Polybius,0.000298686,Polybius_Book10-66
Polybius,0.000298686,Polybius_Book10-67
Polybius,0.000298686,Polybius_Book10-68
Polybius,0.000298686,Polybius_Book10-69
Polybius,0.000298686,Polybius_Book10-7
Polybius,0.000298686,Polybius_Book10-70
Polybius,0.000298686,Polybius_Book10-71
Polybius,0.000298686,Polybius_Book10-72
Polybius,0.000298686,Polybius_Book10-73
Polybius,0.000298686,Polybius_Book10-74
Polybius,0.000298686,Polybius_Book10-75
Polybius,0.000298686,Polybius_Book10-76
Polybius,0.000298686,Polybius_Book10-77
Polybius,0.000298686,Polybius_Book10-78
Polybius,0.000298686,Polybius_Book10-79
Polybius,0.000298686,Polybius_Book10-8
Polybius,0.000298686,Polybius_Book10-80
Polybius,0.000298686,Polybius_Book10-81
Polybius,0.000298686,Polybius_Book10-82
Polybius,0.000298686,Polybius_Book10-83
Polybius,0.000298686,Polybius_Book10-84
Polybius,0.000298686,Polybius_Book10-85
Polybius,0.000298686,Polybius_Book10-86
Polybius,0.000298686,Polybius_Book10-87
Polybius,0.000298686,Polybius_Book10-88
Polybius,0.000298686,Polybius_Book10-89
Polybius,0.000298686,Polybius_Book10-9
Polybius,0.000298686,Polybius_Book10-90
Polybius,0.000298686,Polybius_Book10-91
Polybius,0.000298686,Polybius_Book10-92
Polybius,0.000298686,Polybius_Book10-93
Polybius,0.000298686,Polybius_Book10-94
Polybius,0.000298686,Polybius_Book2-1
Polybius,0.000298686,Polybius_Book2-10
Polybius,0.000298686,Polybius_Book2-100
Polybius,0.000298686,Polybius_Book2-101
Polybius,0.000298686,Polybius_Book2-102
Polybius,0.000298686,Polybius_Book2-103
Polybius,0.000298686,Polybius_Book2-104
Polybius,0.000298686,Polybius_Book2-105
Polybius,0.000298686,Polybius_Book2-106
Polybius,0.000298686,Polybius_Book2-107
Polybius,0.000298686,Polybius_Book2-108
Polybius,0.000298686,Polybius_Book2-109
Polybius,0.000298686,Polybius_Book2-11
Polybius,0.000298686,Polybius_Book2-110
Polybius,0.000298686,Polybius_Book2-111
Polybius,0.000298686,Polybius_Book2-112
Polybius,0.000298686,Polybius_Book2-113
Polybius,0.000298686,Polybius_Book2-114
Polybius,0.000298686,Polybius_Book2-115
Polybius,0.000298686,Polybius_Book2-116
Polybius,0.000298686,Polybius_Book2-117
Polybius,0.000298686,Polybius_Book2-118
Polybius,0.000298686,Polybius_Book2-119
Polybius,0.000298686,Polybius_Book2-12
Polybius,0.000298686,Polybius_Book2-120
Polybius,0.000298686,Polybius_Book2-121
Polybius,0.000298686,Polybius_Book2-122
Polybius,0.000298686,Polybius_Book2-123
Polybius,0.000298686,Polybius_Book2-124
Polybius,0.000298686,Polybius_Book2-125
Polybius,0.000298686,Polybius_Book2-126
Polybius,0.000298686,Polybius_Book2-127
Polybius,0.000298686,Polybius_Book2-128
Polybius,0.000298686,Polybius_Book2-129
Polybius,0.000298686,Polybius_Book2-13
Polybius,0.000298686,Polybius_Book2-130
Polybius,0.000298686,Polybius_Book2-131
Polybius,0.000298686,Polybius_Book2-132
Polybius,0.000298686,Polybius_Book2-133
Polybius,0.000298686,Polybius_Book2-14
Polybius,0.000298686,Polybius_Book2-15
Polybius,0.000298686,Polybius_Book2-16
Polybius,0.000298686,Polybius_Book2-17
Polybius,0.000298686,Polybius_Book2-18
Polybius,0.000298686,Polybius_Book2-19
Polybius,0.000298686,Polybius_Book2-2
Polybius,0.000298686,Polybius_Book2-20
Polybius,0.000298686,Polybius_Book2-21
Polybius,0.000298686,Polybius_Book2-22
Polybius,0.000298686,Polybius_Book2-23
Polybius,0.000298686,Polybius_Book2-24
Polybius,0.000298686,Polybius_Book2-25
Polybius,0.000298686,Polybius_Book2-26
Polybius,0.000298686,Polybius_Book2-27
Polybius,0.000298686,Polybius_Book2-28
Polybius,0.000298686,Polybius_Book2-29
Polybius,0.000298686,Polybius_Book2-3
Polybius,0.000298686,Polybius_Book2-30
Polybius,0.000298686,Polybius_Book2-31
Polybius,0.000298686,Polybius_Book2-32
Polybius,0.000298686,Polybius_Book2-33
Polybius,0.000298686,Polybius_Book2-34
Polybius,0.000298686,Polybius_Book2-35
Polybius,0.000298686,Polybius_Book2-36
Polybius,0.000298686,Polybius_Book2-37
Polybius,0.000298686,Polybius_Book2-38
Polybius,0.000298686,Polybius_Book2-39
Polybius,0.000298686,Polybius_Book2-4
Polybius,0.000298686,Polybius_Book2-40
Polybius,0.000298686,Polybius_Book2-41
Polybius,0.000298686,Polybius_Book2-42
Polybius,0.000298686,Polybius_Book2-43
Polybius,0.000298686,Polybius_Book2-44
Polybius,0.000298686,Polybius_Book2-45
Polybius,0.000298686,Polybius_Book2-46
Polybius,0.000298686,Polybius_Book2-47
Polybius,0.000298686,Polybius_Book2-48
Polybius,0.000298686,Polybius_Book2-49
Polybius,0.000298686,Polybius_Book2-5
Polybius,0.000298686,Polybius_Book2-50
Polybius,0.000298686,Polybius_Book2-51
Polybius,0.000298686,Polybius_Book2-52
Polybius,0.000298686,Polybius_Book2-53
Polybius,0.000298686,Polybius_Book2-54
Polybius,0.000298686,Polybius_Book2-55
Polybius,0.000298686,Polybius_Book2-56
Polybius,0.000298686,Polybius_Book2-57
Polybius,0.000298686,Polybius_Book2-58
Polybius,0.000298686,Polybius_Book2-59
Polybius,0.000298686,Polybius_Book2-6
Polybius,0.000298686,Polybius_Book2-60
Polybius,0.000298686,Polybius_Book2-61
Polybius,0.000298686,Polybius_Book2-62
Polybius,0.000298686,Polybius_Book2-63
Polybius,0.000298686,Polybius_Book2-64
Polybius,0.000298686,Polybius_Book2-65
Polybius,0.000298686,Polybius_Book2-66
Polybius,0.000298686,Polybius_Book2-67
Polybius,0.000298686,Polybius_Book2-68
Polybius,0.000298686,Polybius_Book2-69
Polybius,0.000298686,Polybius_Book2-7
Polybius,0.000298686,Polybius_Book2-70
Polybius,0.000298686,Polybius_Book2-71
Polybius,0.000298686,Polybius_Book2-72
Polybius,0.000298686,Polybius_Book2-73
Polybius,0.000298686,Polybius_Book2-74
Polybius,0.000298686,Polybius_Book2-75
Polybius,0.000298686,Polybius_Book2-76
Polybius,0.000298686,Polybius_Book2-77
Polybius,0.000298686,Polybius_Book2-78
Polybius,0.000298686,Polybius_Book2-79
Polybius,0.000298686,Polybius_Book2-8
Polybius,0.000298686,Polybius_Book2-80
Polybius,0.000298686,Polybius_Book2-81
Polybius,0.000298686,Polybius_Book2-82
Polybius,0.000298686,Polybius_Book2-83
Polybius,0.000298686,Polybius_Book2-84
Polybius,0.000298686,Polybius_Book2-85
Polybius,0.000298686,Polybius_Book2-86
Polybius,0.000298686,Polybius_Book2-87
Polybius,0.000298686,Polybius_Book2-88
Polybius,0.000298686,Polybius_Book2-89
Polybius,0.000298686,Polybius_Book2-9
Polybius,0.000298686,Polybius_Book2-90
Polybius,0.000298686,Polybius_Book2-91
Polybius,0.000298686,Polybius_Book2-92
Polybius,0.000298686,Polybius_Book2-93
Polybius,0.000298686,Polybius_Book2-94
Polybius,0.000298686,Polybius_Book2-95
Polybius,0.000298686,Polybius_Book2-96
Polybius,0.000298686,Polybius_Book2-97
Polybius,0.000298686,Polybius_Book2-98
Polybius,0.000298686,Polybius_Book2-99
Polybius,0.000298686,Polybius_Book21-1
Polybius,0.000298686,Polybius_Book21-10
Polybius,0.000298686,Polybius_Book21-11
Polybius,0.000298686,Polybius_Book21-12
Polybius,0.000298686,Polybius_Book21-13
Polybius,0.000298686,Polybius_Book21-14
Polybius,0.000298686,Polybius_Book21-15
Polybius,0.000298686,Polybius_Book21-16
Polybius,0.000298686,Polybius_Book21-17
Polybius,0.000298686,Polybius_Book21-18
Polybius,0.000298686,Polybius_Book21-19
Polybius,0.000298686,Polybius_Book21-2
Polybius,0.000298686,Polybius_Book21-20
Polybius,0.000298686,Polybius_Book21-21
Polybius,0.000298686,Polybius_Book21-22
Polybius,0.000298686,Polybius_Book21-23
Polybius,0.000298686,Polybius_Book21-24
Polybius,0.000298686,Polybius_Book21-25
Polybius,0.000298686,Polybius_Book21-26
Polybius,0.000298686,Polybius_Book21-27
Polybius,0.000298686,Polybius_Book21-28
Polybius,0.000298686,Polybius_Book21-29
Polybius,0.000298686,Polybius_Book21-3
Polybius,0.000298686,Polybius_Book21-30
Polybius,0.000298686,Polybius_Book21-31
Polybius,0.000298686,Polybius_Book21-32
Polybius,0.000298686,Polybius_Book21-33
Polybius,0.000298686,Polybius_Book21-34
Polybius,0.000298686,Polybius_Book21-35
Polybius,0.000298686,Polybius_Book21-36
Polybius,0.000298686,Polybius_Book21-37
Polybius,0.000298686,Polybius_Book21-38
Polybius,0.000298686,Polybius_Book21-39
Polybius,0.000298686,Polybius_Book21-4
Polybius,0.000298686,Polybius_Book21-40
Polybius,0.000298686,Polybius_Book21-41
Polybius,0.000298686,Polybius_Book21-42
Polybius,0.000298686,Polybius_Book21-43
Polybius,0.000298686,Polybius_Book21-44
Polybius,0.000298686,Polybius_Book21-45
Polybius,0.000298686,Polybius_Book21-46
Polybius,0.000298686,Polybius_Book21-47
Polybius,0.000298686,Polybius_Book21-48
Polybius,0.000298686,Polybius_Book21-49
Polybius,0.000298686,Polybius_Book21-5
Polybius,0.000298686,Polybius_Book21-50
Polybius,0.000298686,Polybius_Book21-51
Polybius,0.000298686,Polybius_Book21-52
Polybius,0.000298686,Polybius_Book21-53
Polybius,0.000298686,Polybius_Book21-54
Polybius,0.000298686,Polybius_Book21-55
Polybius,0.000298686,Polybius_Book21-56
Polybius,0.000298686,Polybius_Book21-57
Polybius,0.000298686,Polybius_Book21-58
Polybius,0.000298686,Polybius_Book21-59
Polybius,0.000298686,Polybius_Book21-6
Polybius,0.000298686,Polybius_Book21-60
Polybius,0.000298686,Polybius_Book21-61
Polybius,0.000298686,Polybius_Book21-62
Polybius,0.000298686,Polybius_Book21-63
Polybius,0.000298686,Polybius_Book21-64
Polybius,0.000298686,Polybius_Book21-65
Polybius,0.000298686,Polybius_Book21-66
Polybius,0.000298686,Polybius_Book21-67
Polybius,0.000298686,Polybius_Book21-68
Polybius,0.000298686,Polybius_Book21-69
Polybius,0.000298686,Polybius_Book21-7
Polybius,0.000298686,Polybius_Book21-70
Polybius,0.000298686,Polybius_Book21-71
Polybius,0.000298686,Polybius_Book21-72
Polybius,0.000298686,Polybius_Book21-73
Polybius,0.000298686,Polybius_Book21-74
Polybius,0.000298686,Polybius_Book21-75
Polybius,0.000298686,Polybius_Book21-76
Polybius,0.000298686,Polybius_Book21-77
Polybius,0.000298686,Polybius_Book21-8
Polybius,0.000298686,Polybius_Book21-9
Polybius,0.000298686,Polybius_Book9-1
Polybius,0.000298686,Polybius_Book9-10
Polybius,0.000298686,Polybius_Book9-11
Polybius,0.000298686,Polybius_Book9-12
Polybius,0.000298686,Polybius_Book9-13
Polybius,0.000298686,Polybius_Book9-14
Polybius,0.000298686,Polybius_Book9-15
Polybius,0.000298686,Polybius_Book9-16
Polybius,0.000298686,Polybius_Book9-17
Polybius,0.000298686,Polybius_Book9-18
Polybius,0.000298686,Polybius_Book9-19
Polybius,0.000298686,Polybius_Book9-2
Polybius,0.000298686,Polybius_Book9-20
Polybius,0.000298686,Polybius_Book9-21
Polybius,0.000298686,Polybius_Book9-22
Polybius,0.000298686,Polybius_Book9-23
Polybius,0.000298686,Polybius_Book9-24
Polybius,0.000298686,Polybius_Book9-25
Polybius,0.000298686,Polybius_Book9-26
Polybius,0.000298686,Polybius_Book9-27
Polybius,0.000298686,Polybius_Book9-28
Polybius,0.000298686,Polybius_Book9-29
Polybius,0.000298686,Polybius_Book9-3
Polybius,0.000298686,Polybius_Book9-30
Polybius,0.000298686,Polybius_Book9-31
Polybius,0.000298686,Polybius_Book9-32
Polybius,0.000298686,Polybius_Book9-33
Polybius,0.000298686,Polybius_Book9-34
Polybius,0.000298686,Polybius_Book9-35
Polybius,0.000298686,Polybius_Book9-36
Polybius,0.000298686,Polybius_Book9-37
Polybius,0.000298686,Polybius_Book9-38
Polybius,0.000298686,Polybius_Book9-39
Polybius,0.000298686,Polybius_Book9-4
Polybius,0.000298686,Polybius_Book9-40
Polybius,0.000298686,Polybius_Book9-41
Polybius,0.000298686,Polybius_Book9-42
Polybius,0.000298686,Polybius_Book9-43
Polybius,0.000298686,Polybius_Book9-44
Polybius,0.000298686,Polybius_Book9-45
Polybius,0.000298686,Polybius_Book9-46
Polybius,0.000298686,Polybius_Book9-47
Polybius,0.000298686,Polybius_Book9-48
Polybius,0.000298686,Polybius_Book9-49
Polybius,0.000298686,Polybius_Book9-5
Polybius,0.000298686,Polybius_Book9-50
Polybius,0.000298686,Polybius_Book9-51
Polybius,0.000298686,Polybius_Book9-52
Polybius,0.000298686,Polybius_Book9-53
Polybius,0.000298686,Polybius_Book9-54
Polybius,0.000298686,Polybius_Book9-55
Polybius,0.000298686,Polybius_Book9-56
Polybius,0.000298686,Polybius_Book9-57
Polybius,0.000298686,Polybius_Book9-58
Polybius,0.000298686,Polybius_Book9-59
Polybius,0.000298686,Polybius_Book9-6
Polybius,0.000298686,Polybius_Book9-60
Polybius,0.000298686,Polybius_Book9-61
Polybius,0.000298686,Polybius_Book9-62
Polybius,0.000298686,Polybius_Book9-63
Polybius,0.000298686,Polybius_Book9-64
Polybius,0.000298686,Polybius_Book9-65
Polybius,0.000298686,Polybius_Book9-66
Polybius,0.000298686,Polybius_Book9-67
Polybius,0.000298686,Polybius_Book9-68
Polybius,0.000298686,Polybius_Book9-69
Polybius,0.000298686,Polybius_Book9-7
Polybius,0.000298686,Polybius_Book9-70
Polybius,0.000298686,Polybius_Book9-71
Polybius,0.000298686,Polybius_Book9-72
Polybius,0.000298686,Polybius_Book9-73
Polybius,0.000298686,Polybius_Book9-74
Polybius,0.000298686,Polybius_Book9-8
Polybius,0.000298686,Polybius_Book9-9
Thucydides,0.001041667,Thucydides_Book1-1
Thucydides,0.001041667,Thucydides_Book1-10
Thucydides,0.001041667,Thucydides_Book1-100
Thucydides,0.001041667,Thucydides_Book1-101
Thucydides,0.001041667,Thucydides_Book1-102
Thucydides,0.001041667,Thucydides_Book1-103
Thucydides,0.001041667,Thucydides_Book1-104
Thucydides,0.001041667,Thucydides_Book1-105
Thucydides,0.001041667,Thucydides_Book1-106
Thucydides,0.001041667,Thucydides_Book1-107
Thucydides,0.001041667,Thucydides_Book1-108
Thucydides,0.001041667,Thucydides_Book1-109
Thucydides,0.001041667,Thucydides_Book1-11
Thucydides,0.001041667,Thucydides_Book1-110
Thucydides,0.001041667,Thucydides_Book1-111
Thucydides,0.001041667,Thucydides_Book1-112
Thucydides,0.001041667,Thucydides_Book1-113
Thucydides,0.001041667,Thucydides_Book1-114
Thucydides,0.001041667,Thucydides_Book1-115
Thucydides,0.001041667,Thucydides_Book1-116
Thucydides,0.001041667,Thucydides_Book1-117
Thucydides,0.001041667,Thucydides_Book1-118
Thucydides,0.001041667,Thucydides_Book1-119
Thucydides,0.001041667,Thucydides_Book1-12
Thucydides,0.001041667,Thucydides_Book1-120
Thucydides,0.001041667,Thucydides_Book1-121
Thucydides,0.001041667,Thucydides_Book1-122
Thucydides,0.001041667,Thucydides_Book1-123
Thucydides,0.001041667,Thucydides_Book1-124
Thucydides,0.001041667,Thucydides_Book1-125
Thucydides,0.001041667,Thucydides_Book1-126
Thucydides,0.001041667,Thucydides_Book1-127
Thucydides,0.001041667,Thucydides_Book1-128
Thucydides,0.001041667,Thucydides_Book1-129
Thucydides,0.001041667,Thucydides_Book1-13
Thucydides,0.001041667,Thucydides_Book1-130
Thucydides,0.001041667,Thucydides_Book1-131
Thucydides,0.001041667,Thucydides_Book1-132
Thucydides,0.001041667,Thucydides_Book1-133
Thucydides,0.001041667,Thucydides_Book1-134
Thucydides,0.001041667,Thucydides_Book1-135
Thucydides,0.001041667,Thucydides_Book1-136
Thucydides,0.001041667,Thucydides_Book1-137
Thucydides,0.001041667,Thucydides_Book1-138
Thucydides,0.001041667,Thucydides_Book1-139
Thucydides,0.001041667,Thucydides_Book1-14
Thucydides,0.001041667,Thucydides_Book1-140
Thucydides,0.001041667,Thucydides_Book1-141
Thucydides,0.001041667,Thucydides_Book1-142
Thucydides,0.001041667,Thucydides_Book1-143
Thucydides,0.001041667,Thucydides_Book1-144
Thucydides,0.001041667,Thucydides_Book1-145
Thucydides,0.001041667,Thucydides_Book1-146
Thucydides,0.001041667,Thucydides_Book1-147
Thucydides,0.001041667,Thucydides_Book1-148
Thucydides,0.001041667,Thucydides_Book1-149
Thucydides,0.001041667,Thucydides_Book1-15
Thucydides,0.001041667,Thucydides_Book1-150
Thucydides,0.001041667,Thucydides_Book1-151
Thucydides,0.001041667,Thucydides_Book1-152
Thucydides,0.001041667,Thucydides_Book1-153
Thucydides,0.001041667,Thucydides_Book1-154
Thucydides,0.001041667,Thucydides_Book1-155
Thucydides,0.001041667,Thucydides_Book1-156
Thucydides,0.001041667,Thucydides_Book1-157
Thucydides,0.001041667,Thucydides_Book1-158
Thucydides,0.001041667,Thucydides_Book1-159
Thucydides,0.001041667,Thucydides_Book1-16
Thucydides,0.001041667,Thucydides_Book1-160
Thucydides,0.001041667,Thucydides_Book1-17
Thucydides,0.001041667,Thucydides_Book1-18
Thucydides,0.001041667,Thucydides_Book1-19
Thucydides,0.001041667,Thucydides_Book1-2
Thucydides,0.001041667,Thucydides_Book1-20
Thucydides,0.001041667,Thucydides_Book1-21
Thucydides,0.001041667,Thucydides_Book1-22
Thucydides,0.001041667,Thucydides_Book1-23
Thucydides,0.001041667,Thucydides_Book1-24
Thucydides,0.001041667,Thucydides_Book1-25
Thucydides,0.001041667,Thucydides_Book1-26
Thucydides,0.001041667,Thucydides_Book1-27
Thucydides,0.001041667,Thucydides_Book1-28
Thucydides,0.001041667,Thucydides_Book1-29
Thucydides,0.001041667,Thucydides_Book1-3
Thucydides,0.001041667,Thucydides_Book1-30
Thucydides,0.001041667,Thucydides_Book1-31
Thucydides,0.001041667,Thucydides_Book1-32
Thucydides,0.001041667,Thucydides_Book1-33
Thucydides,0.001041667,Thucydides_Book1-34
Thucydides,0.001041667,Thucydides_Book1-35
Thucydides,0.001041667,Thucydides_Book1-36
Thucydides,0.001041667,Thucydides_Book1-37
Thucydides,0.001041667,Thucydides_Book1-38
Thucydides,0.001041667,Thucydides_Book1-39
Thucydides,0.001041667,Thucydides_Book1-4
Thucydides,0.001041667,Thucydides_Book1-40
Thucydides,0.001041667,Thucydides_Book1-41
Thucydides,0.001041667,Thucydides_Book1-42
Thucydides,0.001041667,Thucydides_Book1-43
Thucydides,0.001041667,Thucydides_Book1-44
Thucydides,0.001041667,Thucydides_Book1-45
Thucydides,0.001041667,Thucydides_Book1-46
Thucydides,0.001041667,Thucydides_Book1-47
Thucydides,0.001041667,Thucydides_Book1-48
Thucydides,0.001041667,Thucydides_Book1-49
Thucydides,0.001041667,Thucydides_Book1-5
Thucydides,0.001041667,Thucydides_Book1-50
Thucydides,0.001041667,Thucydides_Book1-51
Thucydides,0.001041667,Thucydides_Book1-52
Thucydides,0.001041667,Thucydides_Book1-53
Thucydides,0.001041667,Thucydides_Book1-54
Thucydides,0.001041667,Thucydides_Book1-55
Thucydides,0.001041667,Thucydides_Book1-56
Thucydides,0.001041667,Thucydides_Book1-57
Thucydides,0.001041667,Thucydides_Book1-58
Thucydides,0.001041667,Thucydides_Book1-59
Thucydides,0.001041667,Thucydides_Book1-6
Thucydides,0.001041667,Thucydides_Book1-60
Thucydides,0.001041667,Thucydides_Book1-61
Thucydides,0.001041667,Thucydides_Book1-62
Thucydides,0.001041667,Thucydides_Book1-63
Thucydides,0.001041667,Thucydides_Book1-64
Thucydides,0.001041667,Thucydides_Book1-65
Thucydides,0.001041667,Thucydides_Book1-66
Thucydides,0.001041667,Thucydides_Book1-67
Thucydides,0.001041667,Thucydides_Book1-68
Thucydides,0.001041667,Thucydides_Book1-69
Thucydides,0.001041667,Thucydides_Book1-7
Thucydides,0.001041667,Thucydides_Book1-70
Thucydides,0.001041667,Thucydides_Book1-71
Thucydides,0.001041667,Thucydides_Book1-72
Thucydides,0.001041667,Thucydides_Book1-73
Thucydides,0.001041667,Thucydides_Book1-74
Thucydides,0.001041667,Thucydides_Book1-75
Thucydides,0.001041667,Thucydides_Book1-76
Thucydides,0.001041667,Thucydides_Book1-77
Thucydides,0.001041667,Thucydides_Book1-78
Thucydides,0.001041667,Thucydides_Book1-79
Thucydides,0.001041667,Thucydides_Book1-8
Thucydides,0.001041667,Thucydides_Book1-80
Thucydides,0.001041667,Thucydides_Book1-81
Thucydides,0.001041667,Thucydides_Book1-82
Thucydides,0.001041667,Thucydides_Book1-83
Thucydides,0.001041667,Thucydides_Book1-84
Thucydides,0.001041667,Thucydides_Book1-85
Thucydides,0.001041667,Thucydides_Book1-86
Thucydides,0.001041667,Thucydides_Book1-87
Thucydides,0.001041667,Thucydides_Book1-88
Thucydides,0.001041667,Thucydides_Book1-89
Thucydides,0.001041667,Thucydides_Book1-9
Thucydides,0.001041667,Thucydides_Book1-90
Thucydides,0.001041667,Thucydides_Book1-91
Thucydides,0.001041667,Thucydides_Book1-92
Thucydides,0.001041667,Thucydides_Book1-93
Thucydides,0.001041667,Thucydides_Book1-94
Thucydides,0.001041667,Thucydides_Book1-95
Thucydides,0.001041667,Thucydides_Book1-96
Thucydides,0.001041667,Thucydides_Book1-97
Thucydides,0.001041667,Thucydides_Book1-98
Thucydides,0.001041667,Thucydides_Book1-99
